name,All,0_placebo,1_indomethacin,P value
Age (years),45.3 (13.3),46.0 (13.1),44.5 (13.5),0.15
Risk score,2.4 (0.9),2.3 (0.9),2.4 (0.9),0.25
Gender,"","","",0.42
  1_female,476 (79.1%),247 (80.5%),229 (77.6%),""
  2_male,126 (20.9%),60 (19.5%),66 (22.4%),""
Site,"","","",0.83
  1_UM,164 (27.2%),87 (28.3%),77 (26.1%),""
  2_IU,413 (68.6%),207 (67.4%),206 (69.8%),""
  3_UK,22 (3.7%),12 (3.9%),10 (3.4%),""
  4_Case,3 (0.5%),1 (0.3%),2 (0.7%),""
SOD,"","","",0.29
  0_no,107 (17.8%),60 (19.5%),47 (15.9%),""
  1_yes,495 (82.2%),247 (80.5%),248 (84.1%),""
PD stent,"","","",0.45
  0_no,106 (17.6%),58 (18.9%),48 (16.3%),""
  1_yes,496 (82.4%),249 (81.1%),247 (83.7%),""
PEP,"","","",0.005
  0_no,523 (86.9%),255 (83.1%),268 (90.8%),""
  1_yes,79 (13.1%),52 (16.9%),27 (9.2%),""
