wtp,evpi
0.0,5.820766091346741e-11
5000.0,1.4551915228366852e-11
10000.0,-5.820766091346741e-11
15000.0,1.4551915228366852e-10
20000.0,-4.656612873077393e-10
25000.0,-2.9103830456733704e-10
30000.0,-5.820766091346741e-11
35000.0,7.1975344168022275
40000.0,44.81837629398797
45000.0,200.00990192219615
50000.0,599.2380586039508
55000.0,1449.356892925338
60000.0,3087.7962246076204
65000.0,5553.49343642313
70000.0,8867.5063359146
75000.0,9240.124514423078
80000.0,7022.153238394065
85000.0,5302.573613165645
90000.0,4081.8578417801764
95000.0,3306.504849965684
100000.0,3047.1660200981423
105000.0,3331.18422777066
110000.0,4149.147786121815
115000.0,5464.266939909663
120000.0,7313.593348114286
125000.0,8264.79591674963
130000.0,6481.0836502821185
135000.0,5035.318767012097
140000.0,3820.510271023959
145000.0,2852.5066374465823
150000.0,2116.947357401252
155000.0,1555.27690273989
160000.0,1119.073894255329
165000.0,803.3152581839822
170000.0,569.7108315015212
175000.0,399.9566966681741
180000.0,286.16494036791846
185000.0,215.29042014712468
190000.0,168.15743962489069
195000.0,128.13477990217507
200000.0,93.23080724757165
