time,estimate,std_error,conf_low,conf_high,n_risk,group
365.0,0.840989103935893,0.021049526473898263,0.8007283966805989,0.8832741237488733,252.0,Lev+5FU
1095.0,0.6563804420669178,0.02745406468182758,0.604717994524218,0.7124565311917606,195.0,Lev+5FU
1825.0,0.6152440701231203,0.028186317968725727,0.5624075531631787,0.6730444207100406,176.0,Lev+5FU
365.0,0.7206349206349211,0.025280661521660582,0.6727507984846476,0.7719272723395363,228.0,Obs
1095.0,0.5105403388558915,0.02833745142682401,0.4579143682149327,0.5692143677761727,156.0,Obs
1825.0,0.4503801173130987,0.028326388490427956,0.39814695353214774,0.5094657846090548,130.0,Obs
365.0,0.7203410795682806,0.025599364894182398,0.6718747492234837,0.7723035752025245,223.0,Lev
1095.0,0.5071202304306203,0.028595512290024504,0.4540601156137056,0.5663807924737331,154.0,Lev
1825.0,0.4600851556906437,0.028574024859171886,0.4073554605268418,0.5196403902702459,136.0,Lev
