measure,time,rx,estimate,std_error,conf_low,conf_high
survival,365.0,Obs,0.7279715963665268,0.02073219206808942,0.6873372465925045,0.768605946140549
survival,365.0,Lev,0.7431535091083625,0.02068489042878685,0.702611868843783,0.783695149372942
survival,365.0,Lev+5FU,0.8295173762936756,0.016000148183511677,0.7981576621066888,0.8608770904806624
survival,1095.0,Obs,0.49976869033905436,0.026463524625947983,0.4479011351682075,0.5516362455099012
survival,1095.0,Lev,0.5225187897865521,0.027334329063245764,0.4689444892810239,0.5760930902920802
survival,1095.0,Lev+5FU,0.6629774465942039,0.025593134732258802,0.6128158242674955,0.7131390689209123
survival,1825.0,Obs,0.4462901704325429,0.02708749228329608,0.3931996611257759,0.49938067973930983
survival,1825.0,Lev,0.4699387528901705,0.028018119477230815,0.41502424780025793,0.5248532579800831
survival,1825.0,Lev+5FU,0.619543508763355,0.027179067355471303,0.5662735156132429,0.672813501913467
difference vs Obs,365.0,Lev,0.015181912741835779,0.024261049189949292,-0.03236886989761949,0.06273269538129105
difference vs Obs,365.0,Lev+5FU,0.10154577992714886,0.02239257081525034,0.05765714760799548,0.14543441224630224
difference vs Obs,1095.0,Lev,0.02275009944749773,0.03636650507640908,-0.04852694074585712,0.09402713964085258
difference vs Obs,1095.0,Lev+5FU,0.16320875625514952,0.03495900293657423,0.09469036956403404,0.231727142946265
difference vs Obs,1825.0,Lev,0.02364858245762763,0.03781020596512001,-0.05045805948204911,0.09775522439730437
difference vs Obs,1825.0,Lev+5FU,0.17325333833081208,0.03711849293417198,0.10050242901943053,0.24600424764219364
