index_orig,training,test,mean_optimism,mean_corrected,n,mean_predicted,KM,KM_corrected,std_err
-0.018692108838391785,-0.009865582102349437,-0.012090233778495676,0.002224651676146239,-0.020916760514538023,200.0,0.422276542365266,0.40358443352687423,0.401359781850728,0.06765414436310119
-0.04651528308473041,-0.04998309944195212,-0.05186763565593223,0.0018845362139801106,-0.04839981929871052,200.0,0.6271857855005837,0.5806705024158533,0.5787859662018732,0.04713421754955017
-0.0056325492657958165,-0.015401374007645558,-0.016192511313464726,0.0007911373058191676,-0.006423686571614984,200.0,0.7015049228221037,0.6958723735563079,0.6950812362504888,0.03668333855583339
-0.05803381552543385,-0.038534485972645825,-0.03843097904944118,-0.00010350692320464788,-0.057930308602229204,200.0,0.7495268664318953,0.6914930509064614,0.691596557829666,0.03697605299964133
0.03539457362815146,0.02297703101467852,0.023721295812931222,-0.0007442647982527015,0.03613883842640416,200.0,0.7867601506249128,0.8221547242530642,0.822898989051317,0.025773493791016747
0.04385398917973027,0.031949422856653746,0.030233940021458107,0.0017154828351956392,0.04213850634453463,200.0,0.8137352126396277,0.8575892018193579,0.8558737189841623,0.022689302967193466
0.03615293795364982,0.0309747917596695,0.029042277281814365,0.0019325144778551337,0.03422042347579469,200.0,0.8377543951347013,0.8739073330883511,0.871974818610496,0.021084136405510115
-0.011017653468768485,-0.0013805953485907978,-0.004404596064470574,0.0030240007158797762,-0.01404165418464826,200.0,0.8599046059860384,0.8488869525172699,0.84586295180139,0.023437996320186637
0.025299029061412348,0.020760517863569014,0.019267577000121883,0.0014929408634471314,0.023806088197965217,200.0,0.8899458301274766,0.915244859188889,0.9137519183254419,0.01674611937286558
