name,All,hormone,no hormone,P value
Age (years),55.1 (13.0),62.5 (9.9),54.1 (13.0),P<.001
Tumor size,"","","",P<.001
  <=20,1387 (46.5%),104 (30.7%),1283 (48.5%),""
  20-50,1291 (43.3%),172 (50.7%),1119 (42.3%),""
  >50,304 (10.2%),63 (18.6%),241 (9.1%),""
Positive nodes,2.7 (4.4),5.7 (4.6),2.3 (4.2),P<.001
Grade,"","","",P<.001
  2,794 (26.6%),59 (17.4%),735 (27.8%),""
  3,2188 (73.4%),280 (82.6%),1908 (72.2%),""
Hormone therapy,"","","",P<.001
  no hormone,2643 (88.6%),0 (0.0%),2643 (100.0%),""
  hormone,339 (11.4%),339 (100.0%),0 (0.0%),""
Chemotherapy,"","","",P<.001
  0,2402 (80.5%),311 (91.7%),2091 (79.1%),""
  1,580 (19.5%),28 (8.3%),552 (20.9%),""
Post-menopausal,"","","",P<.001
  0,1312 (44.0%),41 (12.1%),1271 (48.1%),""
  1,1670 (56.0%),298 (87.9%),1372 (51.9%),""
