task,slice,n,quantity,error,criterion,tol,passed,python_s,r_s,ratio,note
ols,adult-1000,1000,coef,3.4374719230687984e-11,rel,1e-06,True,0.00102937500923872,0.0010000000000000009,1.029375009238719,
ols,adult-1000,1000,se,3.5542903249265114e-12,rel,1e-06,True,0.00102937500923872,0.0010000000000000009,1.029375009238719,
ols,adult-1000,1000,t,3.150132599366041e-11,rel,1e-06,True,0.00102937500923872,0.0010000000000000009,1.029375009238719,
ols,adult-1000,1000,p,1.4627021815982744e-11,abs,1e-06,True,0.00102937500923872,0.0010000000000000009,1.029375009238719,
ols,adult-1000,1000,loglik,1.180670672580731e-16,rel,1e-06,True,0.00102937500923872,0.0010000000000000009,1.029375009238719,
ols-w,adult-1000,1000,coef,5.047358743817507e-12,rel,1e-06,True,0.0008825419936329126,0.0010000000000000009,0.8825419936329119,
ols-w,adult-1000,1000,se,1.6390919358068442e-13,rel,1e-06,True,0.0008825419936329126,0.0010000000000000009,0.8825419936329119,
ols-w,adult-1000,1000,t,4.957726834868285e-12,rel,1e-06,True,0.0008825419936329126,0.0010000000000000009,0.8825419936329119,
ols-w,adult-1000,1000,p,1.0239586956117819e-12,abs,1e-06,True,0.0008825419936329126,0.0010000000000000009,0.8825419936329119,
ols-w,adult-1000,1000,loglik,1.628428854245092e-15,rel,1e-06,True,0.0008825419936329126,0.0010000000000000009,0.8825419936329119,
glm-bin,adult-1000,1000,coef,7.766983285936591e-12,rel,1e-06,True,0.0016059170011430979,0.0040000000000000036,0.40147925028577414,
glm-bin,adult-1000,1000,se,1.0905746548508882e-11,rel,1e-06,True,0.0016059170011430979,0.0040000000000000036,0.40147925028577414,
glm-bin,adult-1000,1000,loglik,1.84861021833724e-15,rel,1e-06,True,0.0016059170011430979,0.0040000000000000036,0.40147925028577414,
glm-gamma,adult-1000,1000,coef,1.6233651806340261e-12,rel,1e-06,True,0.0015005001332610846,0.0030000000000000027,0.5001667110870277,
glm-gamma,adult-1000,1000,se,5.519412944794786e-14,rel,1e-06,True,0.0015005001332610846,0.0030000000000000027,0.5001667110870277,
hc,adult-1000,1000,HC0:cov,1.3109971688747794e-12,corr,1e-08,True,0.00025412486866116524,0.0020000000000000018,0.1270624343305825,
hc,adult-1000,1000,HC1:cov,1.246651891929672e-12,corr,1e-08,True,0.00023508421145379543,0.0020000000000000018,0.1175421057268976,
hc,adult-1000,1000,HC2:cov,1.4019728807101542e-12,corr,1e-08,True,0.00022879219613969326,0.0020000000000000018,0.11439609806984653,
hc,adult-1000,1000,HC3:cov,2.5876407350009865e-12,corr,1e-08,True,0.00023004179820418358,0.0020000000000000018,0.11502089910209169,
hc,adult-1000,1000,HC4:cov,5.6674158693780445e-12,corr,1e-08,True,0.00023762485943734646,0.0020000000000000018,0.11881242971867312,
hc,adult-1000,1000,HC5:cov,1.3932201073249856e-11,corr,1e-08,True,0.0002420828677713871,0.0020000000000000018,0.12104143388569344,
wald,adult-1000,1000,stat,4.8042408812270434e-11,rel,1e-06,True,2.4499837309122086e-05,0.0,,
wald,adult-1000,1000,p,5.196287844455583e-12,abs,1e-06,True,2.4499837309122086e-05,0.0,,
lr,adult-1000,1000,stat,2.2450851488119048e-11,rel,1e-06,True,1.4791963621973991e-05,0.0,,
lr,adult-1000,1000,p,2.4481527916009327e-12,abs,1e-06,True,1.4791963621973991e-05,0.0,,
bp,adult-1000,1000,student:stat,3.24879872334326e-14,rel,1e-06,True,0.00017512496560811996,0.0009999999999998899,0.17512496560813925,
bp,adult-1000,1000,student:p,8.909539772616881e-15,abs,1e-06,True,0.00017512496560811996,0.0009999999999998899,0.17512496560813925,
bp,adult-1000,1000,raw:stat,5.071065644143842e-14,rel,1e-06,True,0.00017199991270899773,0.0009999999999998899,0.17199991270901666,
bp,adult-1000,1000,raw:p,3.1081876972176877e-24,abs,1e-06,True,0.00017199991270899773,0.0009999999999998899,0.17199991270901666,
reset,adult-1000,1000,stat,5.26976991891019e-14,rel,1e-06,True,0.00045083300210535526,0.0009999999999998899,0.4508330021054049,
reset,adult-1000,1000,p,4.548444954011188e-15,abs,1e-06,True,0.00045083300210535526,0.0009999999999998899,0.4508330021054049,
m-logit,adult-1000,1000,pairs,0.0,set,0.0,True,0.004122915910556912,0.007000000000000117,0.5889879872224062,
m-logit,adult-1000,1000,smd_age,3.0667614181192943e-16,rel,1e-08,True,0.004122915910556912,0.007000000000000117,0.5889879872224062,
m-mah,adult-1000,1000,pairs,1.0,set,0.0,False,0.004142249934375286,0.028000000000000025,0.14793749765626008,python 330 r 330
m-exact,adult-1000,1000,weights,0.0,rel,1e-08,True,0.00020866584964096546,0.0009999999999998899,0.20866584964098844,
m-cem,adult-1000,1000,weights,0.0,rel,1e-08,True,0.0007147078868001699,0.0020000000000000018,0.35735394340008464,
ols,adult-10000,10000,coef,1.4377860534565064e-09,rel,1e-06,True,0.0021665000822395086,0.0040000000000000036,0.5416250205598767,
ols,adult-10000,10000,se,1.5656471671090687e-11,rel,1e-06,True,0.0021665000822395086,0.0040000000000000036,0.5416250205598767,
ols,adult-10000,10000,t,1.434161980157912e-09,rel,1e-06,True,0.0021665000822395086,0.0040000000000000036,0.5416250205598767,
ols,adult-10000,10000,p,3.002708082178174e-10,abs,1e-06,True,0.0021665000822395086,0.0040000000000000036,0.5416250205598767,
ols,adult-10000,10000,loglik,1.8956823203707294e-16,rel,1e-06,True,0.0021665000822395086,0.0040000000000000036,0.5416250205598767,
ols-w,adult-10000,10000,coef,1.088287485114274e-09,rel,1e-06,True,0.0021807500161230564,0.0050000000000001155,0.43615000322460123,
ols-w,adult-10000,10000,se,7.368110505185068e-13,rel,1e-06,True,0.0021807500161230564,0.0050000000000001155,0.43615000322460123,
ols-w,adult-10000,10000,t,1.0887145048967198e-09,rel,1e-06,True,0.0021807500161230564,0.0050000000000001155,0.43615000322460123,
ols-w,adult-10000,10000,p,8.028799847181745e-12,abs,1e-06,True,0.0021807500161230564,0.0050000000000001155,0.43615000322460123,
ols-w,adult-10000,10000,loglik,6.527584150710422e-15,rel,1e-06,True,0.0021807500161230564,0.0050000000000001155,0.43615000322460123,
glm-bin,adult-10000,10000,coef,5.662574797960636e-12,rel,1e-06,True,0.008102500112727284,0.040000000000000036,0.20256250281818194,
glm-bin,adult-10000,10000,se,1.854552637029946e-12,rel,1e-06,True,0.008102500112727284,0.040000000000000036,0.20256250281818194,
glm-bin,adult-10000,10000,loglik,1.5846686485928205e-15,rel,1e-06,True,0.008102500112727284,0.040000000000000036,0.20256250281818194,
glm-gamma,adult-10000,10000,coef,2.2032652082977408e-11,rel,1e-06,True,0.005618999944999814,0.020999999999999908,0.26757142595237327,
glm-gamma,adult-10000,10000,se,1.0327345356052831e-13,rel,1e-06,True,0.005618999944999814,0.020999999999999908,0.26757142595237327,
hc,adult-10000,10000,HC0:cov,2.7293930828638672e-12,corr,1e-08,True,0.0019804579205811024,0.01200000000000001,0.16503816004842506,
hc,adult-10000,10000,HC1:cov,2.727611761723123e-12,corr,1e-08,True,0.002018874976783991,0.01100000000000012,0.1835340887985426,
hc,adult-10000,10000,HC2:cov,2.735128507588545e-12,corr,1e-08,True,0.001969957957044244,0.01100000000000012,0.1790870870040202,
hc,adult-10000,10000,HC3:cov,2.7382279960777315e-12,corr,1e-08,True,0.0019639579113572836,0.01200000000000001,0.16366315927977348,
hc,adult-10000,10000,HC4:cov,2.7439762641918473e-12,corr,1e-08,True,0.0020099168177694082,0.01200000000000001,0.16749306814745055,
hc,adult-10000,10000,HC5:cov,2.7176719869524577e-12,corr,1e-08,True,0.0019850421231240034,0.01200000000000001,0.16542017692700015,
wald,adult-10000,10000,stat,1.1637630329052217e-09,rel,1e-06,True,2.3250002413988113e-05,0.0,,
wald,adult-10000,10000,p,1.0842982067771345e-10,abs,1e-06,True,2.3250002413988113e-05,0.0,,
lr,adult-10000,10000,stat,5.026870614072983e-10,rel,1e-06,True,1.4290912076830864e-05,0.0,,
lr,adult-10000,10000,p,4.687716881335291e-11,abs,1e-06,True,1.4290912076830864e-05,0.0,,
bp,adult-10000,10000,student:stat,6.227574359932327e-13,rel,1e-06,True,0.0010740419384092093,0.006999999999999673,0.1534345626298942,
bp,adult-10000,10000,student:p,2.4306271181109029e-57,abs,1e-06,True,0.0010740419384092093,0.006999999999999673,0.1534345626298942,
bp,adult-10000,10000,raw:stat,1.6546393558754702e-13,rel,1e-06,True,0.001069582998752594,0.006999999999999673,0.1527975712503777,
bp,adult-10000,10000,raw:p,2.4111570216362957e-162,abs,1e-06,True,0.001069582998752594,0.006999999999999673,0.1527975712503777,
reset,adult-10000,10000,stat,5.900454142919993e-13,rel,1e-06,True,0.003215666161850095,0.01100000000000012,0.2923332874409145,
reset,adult-10000,10000,p,4.972693264104766e-16,abs,1e-06,True,0.003215666161850095,0.01100000000000012,0.2923332874409145,
m-logit,adult-10000,10000,pairs,1.0,set,0.0,False,0.022985750110819936,0.08099999999999996,0.2837746927261722,python 3247 r 3247
m-logit,adult-10000,10000,smd_age,2.037573590874936e-15,rel,1e-08,True,0.022985750110819936,0.08099999999999996,0.2837746927261722,
m-mah,adult-10000,10000,pairs,1.0,set,0.0,False,0.2546276249922812,2.157,0.1180471140437094,python 3247 r 3247
m-exact,adult-10000,10000,weights,9.437530704933011e-14,rel,1e-08,True,0.0019521669019013643,0.002000000000000668,0.9760834509503562,
m-cem,adult-10000,10000,weights,1.3063890705440702e-15,rel,1e-08,True,0.00794670800678432,0.0129999999999999,0.6112852312911062,
glm-pois,bike-1000,1000,coef,2.3227181997106708e-12,rel,1e-06,True,0.00194274983368814,0.006000000000000227,0.32379163894801105,
glm-pois,bike-1000,1000,se,4.1459451947510866e-14,rel,1e-06,True,0.00194274983368814,0.006000000000000227,0.32379163894801105,
glm-pois,bike-1000,1000,loglik,2.3469255971239883e-15,rel,1e-06,True,0.00194274983368814,0.006000000000000227,0.32379163894801105,
nw,bike-1000,1000,cov,1.6467000912890604e-13,corr,1e-08,True,0.00040370807982981205,0.009000000000000341,0.04485645331442186,
dw,bike-1000,1000,stat,1.94808982653898e-15,rel,1e-06,True,0.00022208387963473797,0.003999999999997783,0.055520969908715266,
dw,bike-1000,1000,p,5.804232846355303e-102,abs,1e-06,True,0.00022208387963473797,0.003999999999997783,0.055520969908715266,
bg,bike-1000,1000,1:stat,4.29390584943837e-16,rel,1e-06,True,0.0004502921365201473,0.0019999999999988916,0.22514606826019845,
bg,bike-1000,1000,1:p,2.3495981041495985e-101,abs,1e-06,True,0.0004502921365201473,0.0019999999999988916,0.22514606826019845,
bg,bike-1000,1000,4:stat,2.3659608053626147e-15,rel,1e-06,True,0.0005138330161571503,0.0019999999999988916,0.2569165080787175,
bg,bike-1000,1000,4:p,6.142612353128032e-115,abs,1e-06,True,0.0005138330161571503,0.0019999999999988916,0.2569165080787175,
gam-8,bike-1000,1000,sp,2.1437712123750897e-07,rel,0.001,True,0.0015774169005453587,0.006000000000000227,0.26290281675754984,
gam-8,bike-1000,1000,edf,2.997451675640883e-08,rel,0.0001,True,0.0015774169005453587,0.006000000000000227,0.26290281675754984,
gam-8,bike-1000,1000,reml,0.0,abs,1e-06,True,0.0015774169005453587,0.006000000000000227,0.26290281675754984,
gam-8,bike-1000,1000,coef,3.3948457434277475e-08,rel,1e-06,True,0.0015774169005453587,0.006000000000000227,0.26290281675754984,
gam-10,bike-1000,1000,sp,8.017370884188176e-07,rel,0.001,True,0.0012575839646160603,0.007999999999999119,0.15719799557702485,
gam-10,bike-1000,1000,edf,1.395178578651384e-07,rel,0.0001,True,0.0012575839646160603,0.007999999999999119,0.15719799557702485,
gam-10,bike-1000,1000,reml,9.094947017729282e-13,abs,1e-06,True,0.0012575839646160603,0.007999999999999119,0.15719799557702485,
gam-10,bike-1000,1000,coef,2.453005335408082e-07,rel,1e-06,True,0.0012575839646160603,0.007999999999999119,0.15719799557702485,
glm-pois,bike-10000,10000,coef,4.011506244186228e-12,rel,1e-06,True,0.01314870803616941,0.09100000000000108,0.14449129710076103,
glm-pois,bike-10000,10000,se,9.33160066830599e-14,rel,1e-06,True,0.01314870803616941,0.09100000000000108,0.14449129710076103,
glm-pois,bike-10000,10000,loglik,1.628302065111454e-15,rel,1e-06,True,0.01314870803616941,0.09100000000000108,0.14449129710076103,
nw,bike-10000,10000,cov,9.051942269417335e-13,corr,1e-08,True,0.004868207965046167,0.2829999999999977,0.017202148286382356,
dw,bike-10000,10000,stat,1.7320141151766667e-14,rel,1e-06,True,0.0010318330023437738,0.053999999999998494,0.01910801856192227,
dw,bike-10000,10000,p,0.0,abs,1e-06,True,0.0010318330023437738,0.053999999999998494,0.01910801856192227,
bg,bike-10000,10000,1:stat,6.8000438932046e-15,rel,1e-06,True,0.0044476669281721115,0.030999999999998806,0.14347312671523493,
bg,bike-10000,10000,1:p,0.0,abs,1e-06,True,0.0044476669281721115,0.030999999999998806,0.14347312671523493,
bg,bike-10000,10000,4:stat,7.337271839589984e-15,rel,1e-06,True,0.005056000081822276,0.03400000000000247,0.1487058847594679,
bg,bike-10000,10000,4:p,0.0,abs,1e-06,True,0.005056000081822276,0.03400000000000247,0.1487058847594679,
gam-8,bike-10000,10000,sp,2.6632284661773405e-07,rel,0.001,True,0.002409250009804964,0.09199999999999875,0.026187500106576053,
gam-8,bike-10000,10000,edf,4.603845942910719e-09,rel,0.0001,True,0.002409250009804964,0.09199999999999875,0.026187500106576053,
gam-8,bike-10000,10000,reml,1.4551915228366852e-11,abs,1e-06,True,0.002409250009804964,0.09199999999999875,0.026187500106576053,
gam-8,bike-10000,10000,coef,5.505739460949652e-07,rel,1e-06,True,0.002409250009804964,0.09199999999999875,0.026187500106576053,
gam-10,bike-10000,10000,sp,4.5920149132143417e-07,rel,0.001,True,0.0023474579211324453,0.12300000000000111,0.0190850237490441,
gam-10,bike-10000,10000,edf,1.8887932808303486e-08,rel,0.0001,True,0.0023474579211324453,0.12300000000000111,0.0190850237490441,
gam-10,bike-10000,10000,reml,7.275957614183426e-12,abs,1e-06,True,0.0023474579211324453,0.12300000000000111,0.0190850237490441,
gam-10,bike-10000,10000,coef,2.5590288940947965e-08,rel,1e-06,True,0.0023474579211324453,0.12300000000000111,0.0190850237490441,
km,support-1000,1000,estimate,0.0,rel,1e-06,True,0.00013829092495143414,0.0009999999999976694,0.13829092495175643,
km,support-1000,1000,low,0.0,rel,1e-06,True,0.00013829092495143414,0.0009999999999976694,0.13829092495175643,
km,support-1000,1000,high,1.4407563894670778e-16,rel,1e-06,True,0.00013829092495143414,0.0009999999999976694,0.13829092495175643,
km-sex,support-1000,1000,estimate,1.427138271983575e-16,rel,1e-06,True,0.0003195840399712324,0.0009999999999976694,0.3195840399719772,
km-sex,support-1000,1000,low,0.0,rel,1e-06,True,0.0003195840399712324,0.0009999999999976694,0.3195840399719772,
km-sex,support-1000,1000,high,1.4710359913923083e-16,rel,1e-06,True,0.0003195840399712324,0.0009999999999976694,0.3195840399719772,
na,support-1000,1000,estimate,0.0,rel,1e-06,True,0.00012445799075067043,0.0009999999999976694,0.12445799075096049,
na,support-1000,1000,low,0.0,rel,1e-06,True,0.00012445799075067043,0.0009999999999976694,0.12445799075096049,
na,support-1000,1000,high,0.0,rel,1e-06,True,0.00012445799075067043,0.0009999999999976694,0.12445799075096049,
lrk,support-1000,1000,rho0:stat,2.8874915709428424e-14,rel,1e-06,True,0.000774292042478919,0.0009999999999976694,0.7742920424807236,
lrk,support-1000,1000,rho0:p,6.716849298982197e-15,abs,1e-06,True,0.000774292042478919,0.0009999999999976694,0.7742920424807236,
lrk,support-1000,1000,rho1:stat,7.763776259638528e-15,rel,1e-06,True,0.0006403340958058834,0.0009999999999976694,0.6403340958073758,
lrk,support-1000,1000,rho1:p,1.7208456881689926e-15,abs,1e-06,True,0.0006403340958058834,0.0009999999999976694,0.6403340958073758,
lrk,support-1000,1000,strata:stat,1.1307285379221137e-12,rel,1e-06,True,0.0010536669287830591,0.0009999999999976694,1.0536669287855147,
lrk,support-1000,1000,strata:p,7.105427357601002e-15,abs,1e-06,True,0.0010536669287830591,0.0009999999999976694,1.0536669287855147,
cox-e,support-1000,1000,coef,3.553091343581743e-13,rel,1e-06,True,0.001436582999303937,0.0030000000000001137,0.4788609997679608,
cox-e,support-1000,1000,se,9.159438971692904e-14,rel,1e-06,True,0.001436582999303937,0.0030000000000001137,0.4788609997679608,
cox-e,support-1000,1000,loglik,2.1458970480295365e-16,rel,1e-06,True,0.001436582999303937,0.0030000000000001137,0.4788609997679608,
cox-b,support-1000,1000,coef,8.947091437420931e-13,rel,1e-06,True,0.0011982920113950968,0.0019999999999988916,0.5991460056978805,
cox-b,support-1000,1000,se,4.130143400098143e-13,rel,1e-06,True,0.0011982920113950968,0.0019999999999988916,0.5991460056978805,
cox-b,support-1000,1000,loglik,1.2864654274394904e-15,rel,1e-06,True,0.0011982920113950968,0.0019999999999988916,0.5991460056978805,
cox-s,support-1000,1000,coef,4.168539593466019e-14,rel,1e-06,True,0.0014909589663147926,0.0030000000000001137,0.49698632210491206,
cox-s,support-1000,1000,se,1.2033669782905152e-13,rel,1e-06,True,0.0014909589663147926,0.0030000000000001137,0.49698632210491206,
cox-s,support-1000,1000,loglik,3.063464873926139e-16,rel,1e-06,True,0.0014909589663147926,0.0030000000000001137,0.49698632210491206,
aft-w,support-1000,1000,coef,8.040318133004808e-13,rel,1e-06,True,0.0017678749281913042,0.0030000000000001137,0.5892916427304125,
aft-w,support-1000,1000,se,2.409417316115286e-11,rel,1e-06,True,0.0017678749281913042,0.0030000000000001137,0.5892916427304125,
aft-w,support-1000,1000,loglik,5.873154044602387e-16,rel,1e-06,True,0.0017678749281913042,0.0030000000000001137,0.5892916427304125,
aft-ln,support-1000,1000,coef,3.348447058675678e-14,rel,1e-06,True,0.0019396659918129444,0.0020000000000024443,0.9698329959052869,
aft-ln,support-1000,1000,se,7.426369724142205e-12,rel,1e-06,True,0.0019396659918129444,0.0020000000000024443,0.9698329959052869,
aft-ln,support-1000,1000,loglik,9.905517370050925e-16,rel,1e-06,True,0.0019396659918129444,0.0020000000000024443,0.9698329959052869,
aft-ex,support-1000,1000,coef,3.256906126466835e-13,rel,1e-06,True,0.0013588748406618834,0.0030000000000001137,0.45295828022061063,
aft-ex,support-1000,1000,se,6.987916459283805e-12,rel,1e-06,True,0.0013588748406618834,0.0030000000000001137,0.45295828022061063,
aft-ex,support-1000,1000,loglik,1.101161980136693e-15,rel,1e-06,True,0.0013588748406618834,0.0030000000000001137,0.45295828022061063,
km,support-large,9103,estimate,2.2211780644313834e-16,rel,1e-06,True,0.0004405409563332796,0.0030000000000001137,0.14684698544442099,
km,support-large,9103,low,3.1816451137801443e-16,rel,1e-06,True,0.0004405409563332796,0.0030000000000001137,0.14684698544442099,
km,support-large,9103,high,3.007094950885566e-16,rel,1e-06,True,0.0004405409563332796,0.0030000000000001137,0.14684698544442099,
km-sex,support-large,9103,estimate,1.5909557606777303e-16,rel,1e-06,True,0.001557542011141777,0.0019999999999988916,0.7787710055713202,
km-sex,support-large,9103,low,1.5562999424134963e-16,rel,1e-06,True,0.001557542011141777,0.0019999999999988916,0.7787710055713202,
km-sex,support-large,9103,high,4.592653580913756e-16,rel,1e-06,True,0.001557542011141777,0.0019999999999988916,0.7787710055713202,
na,support-large,9103,estimate,0.0,rel,1e-06,True,0.0004072498995810747,0.0030000000000001137,0.13574996652701976,
na,support-large,9103,low,0.0,rel,1e-06,True,0.0004072498995810747,0.0030000000000001137,0.13574996652701976,
na,support-large,9103,high,0.0,rel,1e-06,True,0.0004072498995810747,0.0030000000000001137,0.13574996652701976,
lrk,support-large,9103,rho0:stat,2.616121587829958e-14,rel,1e-06,True,0.0011852080933749676,0.0030000000000001137,0.39506936445830754,
lrk,support-large,9103,rho0:p,1.6028844918025698e-15,abs,1e-06,True,0.0011852080933749676,0.0030000000000001137,0.39506936445830754,
lrk,support-large,9103,rho1:stat,1.4349968387355532e-12,rel,1e-06,True,0.0010460419580340385,0.0030000000000001137,0.34868065267799964,
lrk,support-large,9103,rho1:p,2.981503932630858e-13,abs,1e-06,True,0.0010460419580340385,0.0030000000000001137,0.34868065267799964,
lrk,support-large,9103,strata:stat,4.23114131864558e-14,rel,1e-06,True,0.0018741250969469547,0.0020000000000024443,0.9370625484723322,
lrk,support-large,9103,strata:p,3.1676050671336498e-15,abs,1e-06,True,0.0018741250969469547,0.0020000000000024443,0.9370625484723322,
cox-e,support-large,9103,coef,1.5036947748604938e-12,rel,1e-06,True,0.007253749994561076,0.018000000000000682,0.40298611080893343,
cox-e,support-large,9103,se,1.1885567036113032e-12,rel,1e-06,True,0.007253749994561076,0.018000000000000682,0.40298611080893343,
cox-e,support-large,9103,loglik,2.6519499595249133e-15,rel,1e-06,True,0.007253749994561076,0.018000000000000682,0.40298611080893343,
cox-b,support-large,9103,coef,8.335683342599731e-13,rel,1e-06,True,0.0050727499183267355,0.01600000000000179,0.3170468698953855,
cox-b,support-large,9103,se,1.0711623004527927e-12,rel,1e-06,True,0.0050727499183267355,0.01600000000000179,0.3170468698953855,
cox-b,support-large,9103,loglik,6.276701341492555e-15,rel,1e-06,True,0.0050727499183267355,0.01600000000000179,0.3170468698953855,
cox-s,support-large,9103,coef,2.88668031396711e-13,rel,1e-06,True,0.007519665872678161,0.019999999999999574,0.375983293633916,
cox-s,support-large,9103,se,3.928967634024816e-13,rel,1e-06,True,0.007519665872678161,0.019999999999999574,0.375983293633916,
cox-s,support-large,9103,loglik,1.081073911643509e-15,rel,1e-06,True,0.007519665872678161,0.019999999999999574,0.375983293633916,
aft-w,support-large,9103,coef,2.0136456336244802e-13,rel,1e-06,True,0.007913665845990181,0.018000000000000682,0.43964810255499337,
aft-w,support-large,9103,se,9.707806732729925e-12,rel,1e-06,True,0.007913665845990181,0.018000000000000682,0.43964810255499337,
aft-w,support-large,9103,loglik,5.170778697513068e-16,rel,1e-06,True,0.007913665845990181,0.018000000000000682,0.43964810255499337,
aft-ln,support-large,9103,coef,4.513495789450527e-14,rel,1e-06,True,0.007559832883998752,0.018000000000000682,0.41999071577769254,
aft-ln,support-large,9103,se,6.910342570780924e-11,rel,1e-06,True,0.007559832883998752,0.018000000000000682,0.41999071577769254,
aft-ln,support-large,9103,loglik,8.71058664959378e-16,rel,1e-06,True,0.007559832883998752,0.018000000000000682,0.41999071577769254,
aft-ex,support-large,9103,coef,2.1009332782816042e-10,rel,1e-06,True,0.005708041833713651,0.020000000000003126,0.2854020916856379,
aft-ex,support-large,9103,se,1.3535238553939494e-10,rel,1e-06,True,0.005708041833713651,0.020000000000003126,0.2854020916856379,
aft-ex,support-large,9103,loglik,1.7775870710251925e-15,rel,1e-06,True,0.005708041833713651,0.020000000000003126,0.2854020916856379,
cl1,star-1000,1002,cov,2.1818596534061617e-08,corr,1e-08,False,0.00033599999733269215,0.0010000000000012221,0.33599999733228153,
cl2,star-1000,1002,cov,9.708044410506618e-08,corr,1e-08,False,0.0009159580804407597,0.003999999999997783,0.2289895201103168,
lmm-ri,star-1000,1002,coef,0.00011069238438828347,rel,1e-06,False,0.0031882498878985643,0.010000000000001563,0.3188249887898066,
lmm-ri,star-1000,1002,se,2.1460802145161046e-05,rel,0.0001,True,0.0031882498878985643,0.010000000000001563,0.3188249887898066,
lmm-ri,star-1000,1002,re,0.00013871888015072617,rel,0.0001,False,0.0031882498878985643,0.010000000000001563,0.3188249887898066,
lmm-ri,star-1000,1002,sigma2,6.29679260367924e-05,rel,1e-05,False,0.0031882498878985643,0.010000000000001563,0.3188249887898066,
lmm-ri,star-1000,1002,loglik,1.7164529708679765e-07,abs,1e-08,False,0.0031882498878985643,0.010000000000001563,0.3188249887898066,
lmm-ml,star-1000,1002,coef,0.0007415099622173196,rel,1e-06,False,0.003097333014011383,0.010000000000001563,0.3097333014010899,
lmm-ml,star-1000,1002,se,0.00014451319809344546,rel,0.0001,False,0.003097333014011383,0.010000000000001563,0.3097333014010899,
lmm-ml,star-1000,1002,re,0.0009520469128197892,rel,0.0001,False,0.003097333014011383,0.010000000000001563,0.3097333014010899,
lmm-ml,star-1000,1002,sigma2,0.0004250099642077725,rel,1e-05,False,0.003097333014011383,0.010000000000001563,0.3097333014010899,
lmm-ml,star-1000,1002,loglik,1.9666414118546527e-05,abs,1e-08,False,0.003097333014011383,0.010000000000001563,0.3097333014010899,
cl1,star-large,10000,cov,6.017111602911427e-08,corr,1e-08,False,0.0030662911012768745,0.004000000000001336,0.7665727753189626,
cl2,star-large,10000,cov,2.8043119109902907e-07,corr,1e-08,False,0.009730458026751876,0.01600000000000179,0.6081536266719242,
lmm-ri,star-large,10000,coef,0.00042418710639992996,rel,1e-06,False,0.008661583065986633,0.04200000000000159,0.20622816823776915,
lmm-ri,star-large,10000,se,0.0002624614023589656,rel,0.0001,False,0.008661583065986633,0.04200000000000159,0.20622816823776915,
lmm-ri,star-large,10000,re,0.0007561002987839919,rel,0.0001,False,0.008661583065986633,0.04200000000000159,0.20622816823776915,
lmm-ri,star-large,10000,sigma2,7.485920624446619e-05,rel,1e-05,False,0.008661583065986633,0.04200000000000159,0.20622816823776915,
lmm-ri,star-large,10000,loglik,9.33346600504592e-05,abs,1e-08,False,0.008661583065986633,0.04200000000000159,0.20622816823776915,
lmm-ml,star-large,10000,coef,0.0004459060384748507,rel,1e-06,False,0.008512208005413413,0.04200000000000159,0.20267161917650214,
lmm-ml,star-large,10000,se,0.0002721597283125789,rel,0.0001,False,0.008512208005413413,0.04200000000000159,0.20267161917650214,
lmm-ml,star-large,10000,re,0.000786466910046103,rel,0.0001,False,0.008512208005413413,0.04200000000000159,0.20267161917650214,
lmm-ml,star-large,10000,sigma2,7.825108062050634e-05,rel,1e-05,False,0.008512208005413413,0.04200000000000159,0.20267161917650214,
lmm-ml,star-large,10000,loglik,0.00010202726843999699,abs,1e-08,False,0.008512208005413413,0.04200000000000159,0.20267161917650214,
lmm-rs,star-rs-1000,1001,coef,0.0001291388809287259,rel,1e-06,False,0.01855329191312194,0.01699999999999946,1.0913701125366193,
lmm-rs,star-rs-1000,1001,se,1.9364977818987722e-05,rel,0.0001,True,0.01855329191312194,0.01699999999999946,1.0913701125366193,
lmm-rs,star-rs-1000,1001,re,0.0005122191505898828,rel,0.0001,False,0.01855329191312194,0.01699999999999946,1.0913701125366193,
lmm-rs,star-rs-1000,1001,sigma2,1.621203946853688e-05,rel,1e-05,False,0.01855329191312194,0.01699999999999946,1.0913701125366193,
lmm-rs,star-rs-1000,1001,loglik,1.4673059922643006e-07,abs,1e-08,False,0.01855329191312194,0.01699999999999946,1.0913701125366193,
lmm-rs,star-rs-large,10000,coef,0.0012253560637582202,rel,1e-06,False,0.5737938329111785,0.09799999999999898,5.855039111338617,
lmm-rs,star-rs-large,10000,se,1.46470524537376e-05,rel,0.0001,True,0.5737938329111785,0.09799999999999898,5.855039111338617,
lmm-rs,star-rs-large,10000,re,0.0009121668065261932,rel,0.0001,False,0.5737938329111785,0.09799999999999898,5.855039111338617,
lmm-rs,star-rs-large,10000,sigma2,8.933338451691299e-06,rel,1e-05,True,0.5737938329111785,0.09799999999999898,5.855039111338617,
lmm-rs,star-rs-large,10000,loglik,3.807808388955891e-05,abs,1e-08,False,0.5737938329111785,0.09799999999999898,5.855039111338617,
