group,cause,time,estimate,variance,std_error
D-penicillamine,1,365.0,0.0,0.0,0.0
D-penicillamine,1,730.0,0.0063291139240506345,0.00004007865887518216,0.006330770796291883
D-penicillamine,1,1825.0,0.045905858988918365,0.00029058728129610916,0.017046620817514218
D-penicillamine,1,3650.0,0.07594709146660178,0.0005700159530664763,0.023875006870501134
placebo,1,365.0,0.0,0.0,0.0
placebo,1,730.0,0.0,0.0,0.0
placebo,1,1825.0,0.04224660322232679,0.00028927257185197206,0.017008014929790368
placebo,1,3650.0,0.08224454905688719,0.0008109950333758212,0.028477974530781172
D-penicillamine,2,365.0,0.056962025316455694,0.00034220725545002135,0.018498844705819372
D-penicillamine,2,730.0,0.08860759493670889,0.0005145229909011797,0.02268309923491893
D-penicillamine,2,1825.0,0.2844014095766044,0.0013798418028574497,0.03714622191902495
D-penicillamine,2,3650.0,0.5423608795833414,0.0033067686141241906,0.057504509511204345
placebo,2,365.0,0.08441558441558443,0.0005052993411049101,0.02247886431973177
placebo,2,730.0,0.1233766233766234,0.0007072006647901367,0.026593244720983875
placebo,2,1825.0,0.2822667633518942,0.0013949573965875265,0.03734912845820537
placebo,2,3650.0,0.5140397000841215,0.0033537427931283614,0.05791150829609225
