name,All,D-penicillamine,placebo,P value
Age (years),50.0 (10.6),51.4 (11.0),48.6 (10.0),0.02
Sex,"","","",0.38
  f,276 (88.5%),137 (86.7%),139 (90.3%),""
  m,36 (11.5%),21 (13.3%),15 (9.7%),""
Bilirubin (mg/dL),"1.4 [0.8,3.4]","1.4 [0.8,3.2]","1.3 [0.7,3.6]",0.13
Albumin (g/dL),"3.6 [3.3,3.8]","3.6 [3.2,3.8]","3.5 [3.3,3.8]",0.87
Edema score,"","","",0.83
  0.0,263 (84.3%),132 (83.5%),131 (85.1%),""
  0.5,29 (9.3%),16 (10.1%),13 (8.4%),""
  1.0,20 (6.4%),10 (6.3%),10 (6.5%),""
Histologic stage,"","","",0.24
  1.0,16 (5.1%),12 (7.6%),4 (2.6%),""
  2.0,67 (21.5%),35 (22.2%),32 (20.8%),""
  3.0,120 (38.5%),56 (35.4%),64 (41.6%),""
  4.0,109 (34.9%),55 (34.8%),54 (35.1%),""
