term,Maximum likelihood,Ridge,LASSO
Age (per year),0.2842406836759033,0.1894560271901032,0.15566369062527521
Male,0.41318991537511246,0.260241714399373,0.27504212303920306
Antithrombotic,0.6185265665758599,0.44458904407893446,0.5124652594369695
Hypertension,-0.11555074200165055,-0.017748484388516644,0.0
Lesion size (per mm),0.6474384020884193,0.4149889248931214,0.5014844395444154
Proximal colon,0.40397286357771334,0.26166062556816316,0.2866481857416765
Prophylactic clip,-0.5492169863914403,-0.24604744282282015,-0.33270616033161127
Lab 1 (noise),-0.043262847467116304,-0.0450294301856552,0.0
Lab 2 (noise),0.27394489089232504,0.20949486455823266,0.1994222060268074
Lab 3 (noise),-0.12880005468499067,-0.10459353669386608,-0.05155900133606734
Lab 4 (noise),0.07428230859641596,0.06527186820331621,0.0
Lab 5 (noise),0.17684571130232668,0.11231572561493763,0.0685794910519904
Lab 6 (noise),0.24271446410627864,0.16771979331340164,0.14761146433337846
Lab 7 (noise),0.13490295212228207,0.09127243546291446,0.03092434166053026
Lab 8 (noise),-0.018141069277077825,-0.022662125656028098,0.0
Lab 9 (noise),-0.0159208992891067,0.0017143409776564852,0.0
Lab 10 (noise),-0.31217431239573756,-0.21246358596850612,-0.20479276489614856
