clip,size_mm,Truth,Logistic regression,Logistic + interaction,Boosting,Random forest
0,5,0.02846663350955988,0.03177808712425223,0.031046732040769163,0.03818182317607573,0.03133753756669626
0,6,0.030011354685128732,0.03333203001840633,0.032645503260116955,0.03818182317607573,0.03294608898180968
0,7,0.03163629881010052,0.03495824421349834,0.03432266012076416,0.03818182317607573,0.03137243772778723
0,8,0.033345243988139976,0.03665973301017371,0.036081644966706,0.03818182317607573,0.03183398998821761
0,9,0.03514210514781811,0.03843959075941489,0.03792601142532508,0.038838728486807375,0.03765782446403368
0,10,0.03703093461727699,0.04030100241386984,0.03985942400669421,0.038838728486807375,0.0372077966323022
0,11,0.03901592215977097,0.04224724271210916,0.041885657223295195,0.038838728486807375,0.03511301333706454
0,12,0.041101394408563086,0.04428167496349515,0.04400859418471718,0.041862230990121055,0.04126133526770641
0,13,0.04329181363673513,0.046407749400490236,0.04623222462052864,0.041862230990121055,0.04125571806972347
0,14,0.04559177579481551,0.04862900106455875,0.04856064228341898,0.041862230990121055,0.046546901599167675
0,15,0.0480060077468104,0.05094904719135457,0.05099804168392668,0.041862230990121055,0.04772688960633913
0,16,0.05053936363332071,0.05337158406066672,0.053548714107660295,0.041862230990121055,0.048715635638988675
0,17,0.053196820289022714,0.05590038327664731,0.0562170428659266,0.041862230990121055,0.04311905818109348
0,18,0.055983471640969756,0.05853928744419908,0.05900749773115595,0.041862230990121055,0.04449893224958381
0,19,0.05890452201402681,0.06129220520808507,0.06192462850950872,0.041862230990121055,0.04636847916080017
0,20,0.06196527827037149,0.06416310562236642,0.06497305770460421,0.03907780308143185,0.04626453999101895
0,21,0.065171140711473,0.06715601181920404,0.06815747222847837,0.05823861845943008,0.057448036379251506
0,22,0.06852759267338722,0.07027499394789737,0.07148261411869007,0.05823861845943008,0.061364168974695994
0,23,0.07204018874966676,0.07352416135730153,0.074953270223988,0.05823861845943008,0.06382862727434276
0,24,0.0757145415807593,0.07690765399747738,0.07857426082515319,0.06452829815761621,0.07795725327780925
0,25,0.07955630715452894,0.08042963301960049,0.08235042716256083,0.06452829815761621,0.08286544331196868
0,26,0.08357116856954917,0.08409427055679246,0.08628661784767415,0.06452829815761621,0.0818061433680325
0,27,0.0877648182211279,0.08790573867264345,0.09038767414209277,0.06452829815761621,0.08386859659017908
0,28,0.09214293837967923,0.09186819746876472,0.09465841409492187,0.06452829815761621,0.08541642707792778
0,29,0.09671118014207002,0.09598578234773614,0.09910361553708898,0.06452829815761621,0.08894669790326384
0,30,0.10147514074894994,0.10026259043328203,0.10372799793978639,0.06452829815761621,0.08847541327328948
0,31,0.10644033927480909,0.10470266615539993,0.1085362031534247,0.06452829815761621,0.08797905054644727
0,32,0.11161219071256831,0.1093099860144557,0.11353277505330187,0.06452829815761621,0.08840062758560564
0,33,0.1169959784908419,0.11408844254492018,0.11872213812857528,0.06452829815761621,0.08846279603773441
0,34,0.1225968254795583,0.11904182750641965,0.12410857506201371,0.07791079518448685,0.1014892049548742
0,35,0.12841966355829296,0.12417381433707804,0.12969620335934526,0.08490685771930968,0.11191607968800835
0,36,0.13446920184135724,0.12948793991169905,0.135488951098741,0.08490685771930968,0.1090613214176436
0,37,0.140749893674279,0.13498758565514093,0.1414905318830226,0.08490685771930968,0.10747585376478706
0,38,0.14726590253766564,0.14067595806923433,0.1477044190894889,0.08490685771930968,0.1056160144917044
0,39,0.15402106701640858,0.1465560687397458,0.1541338195247581,0.11763578789610453,0.10667916872934677
0,40,0.16101886501459295,0.15263071389816735,0.16078164660465705,0.11763578789610453,0.10543618155207114
0,41,0.16826237741912944,0.15890245362146632,0.16765049319188627,0.11763578789610453,0.1055837325186062
0,42,0.17575425143781706,0.16537359076133792,0.1747426042368879,0.11763578789610453,0.10391101453185983
0,43,0.18349666386003105,0.17204614970291296,0.18205984937995967,0.11763578789610453,0.10433810524834675
0,44,0.19149128451025255,0.17892185506125677,0.18960369568511798,0.11763578789610453,0.10600036194402283
0,45,0.19973924018591516,0.18600211043229584,0.19737518068840929,0.11763578789610453,0.10580386270505784
0,46,0.2082410793912,0.19328797732298283,0.205374885955192,0.11763578789610453,0.10771019620225263
0,47,0.21699673819710374,0.20078015439348632,0.2136029113522221,0.11763578789610453,0.10946865506381358
0,48,0.22600550757490173,0.20847895715190312,0.22205885025100083,0.11763578789610453,0.11276044245020321
0,49,0.23526600256458816,0.21638429824934038,0.23074176588859416,0.11763578789610453,0.11295024637177183
0,50,0.2447761336514819,0.22449566853009542,0.2396501691207694,0.11763578789610453,0.11295024637177183
0,51,0.254533080732422,0.2328121189979498,0.24878199780955304,0.11763578789610453,0.11295024637177183
0,52,0.2645332700572602,0.24133224386513447,0.25813459809289363,0.11763578789610453,0.11295024637177183
0,53,0.27477235453113086,0.25005416485514964,0.26770470778767436,0.11763578789610453,0.11295024637177183
0,54,0.28524519775765955,0.25897551693414667,0.2774884421785244,0.11763578789610453,0.11295024637177183
0,55,0.295945862192316,0.26809343564778826,0.28748128244333193,0.11763578789610453,0.11295024637177183
0,56,0.30686760175803973,0.2774045462411818,0.2976780669617154,0.11763578789610453,0.11295024637177183
0,57,0.3180028592516339,0.28690495473839395,0.30807298574458636,0.14154456400462861,0.11295024637177183
0,58,0.3293432688389542,0.296590241154977,0.31865957821101065,0.14154456400462861,0.11295024637177183
0,59,0.34087966389941476,0.3064554550116439,0.3294307345225628,0.14154456400462861,0.11295024637177183
0,60,0.35260209043581114,0.31649511330950836,0.3403787006650389,0.14154456400462861,0.11295024637177183
1,5,0.02346943423368533,0.015072464279843075,0.016473128976466495,0.03583313459387512,0.028224683793993472
1,6,0.02475215050951688,0.015827916485836424,0.01733987064311781,0.03583313459387512,0.02955684391992703
1,7,0.026102483594548337,0.01662034387715254,0.018251044840385904,0.03583313459387512,0.028176973424543564
1,8,0.027523725940887724,0.01745146660042258,0.019208805517816833,0.03583313459387512,0.028440588138186996
1,9,0.02901930108190125,0.01832307589933366,0.020215398109413165,0.036448062034787045,0.0319456929889718
1,10,0.030592765699357722,0.019237036165373735,0.02127316207115422,0.036448062034787045,0.03143147642837586
1,11,0.032247811348017866,0.020195286955560287,0.02238453334109366,0.036448062034787045,0.029894252469881526
1,12,0.03398826578800911,0.021199844965045234,0.023552046701532357,0.03927911652547982,0.03489768300758646
1,13,0.0358180938719573,0.02225280594130976,0.024778338020848296,0.03927911652547982,0.03507867030504658
1,14,0.03774139793053156,0.023356346525429474,0.026066146350574537,0.03927911652547982,0.03682779728227116
1,15,0.03976241759684585,0.02451272600460454,0.027418315851262264,0.03927911652547982,0.03610999781543316
1,16,0.04188552900710782,0.025724287958816643,0.028837797518560266,0.03927911652547982,0.036725214816344616
1,17,0.044115243312073935,0.026993461783101348,0.03032765067880154,0.03927911652547982,0.03232320760100087
1,18,0.04645620443132894,0.028322764065518015,0.031891044221229854,0.03927911652547982,0.03268492836189429
1,19,0.04891318598023061,0.029714799799469224,0.03353125753184629,0.03927911652547982,0.033764649313055076
1,20,0.02404430983822718,0.03117226340757901,0.02891357049934057,0.036660992144425815,0.033967199787655236
1,21,0.025357361150337928,0.03269793955289643,0.030407171770429387,0.047267843206280344,0.04226803442199491
1,22,0.02673950973562134,0.03429470371176326,0.03197448135909497,0.047267843206280344,0.044998084150006945
1,23,0.028194107352362403,0.03596552248128808,0.03361878442132591,0.047267843206280344,0.04502473453560439
1,24,0.029724637819147078,0.03771345359302289,0.03534347722941949,0.052404816864136894,0.052592289346248815
1,25,0.03133471893223986,0.03954164560316264,0.03715206737496097,0.052404816864136894,0.054363654972071115
1,26,0.033028104018253186,0.04145333722840551,0.03904817355369359,0.052404816864136894,0.05320064368213839
1,27,0.03480868307091376,0.04345185629554707,0.0410355248891545,0.052404816864136894,0.05548662735403032
1,28,0.03668048341738113,0.04554061827195977,0.04311795975027557,0.052404816864136894,0.05670337101194197
1,29,0.03864766985629835,0.047723124343359215,0.04529942401668014,0.052404816864136894,0.061382931581362744
1,30,0.040714544206607126,0.05000295900470792,0.0475839687441897,0.052404816864136894,0.060474906704873474
1,31,0.04288554420319965,0.05238378712978674,0.049975747182138444,0.052404816864136894,0.06016743004457908
1,32,0.045165241672770626,0.054869350484902345,0.052479011093523945,0.052404816864136894,0.061450489914651296
1,33,0.04755833992084829,0.057463463652427986,0.05509810632885082,0.052404816864136894,0.061746571337581886
1,34,0.05006967025899826,0.06017000933042235,0.05783746760480086,0.06349007732717789,0.08071362408166054
1,35,0.052704187599692545,0.06299293297546785,0.06070161243963601,0.06958627297057687,0.09481641306483082
1,36,0.055466965045402834,0.06593623675714008,0.06369513419856006,0.06958627297057687,0.09257473571679854
1,37,0.058363187398202086,0.06900397279419204,0.06682269420417254,0.06958627297057687,0.09078359947553553
1,38,0.06139814351663352,0.07220023564462809,0.07008901286968958,0.06958627297057687,0.08892376020245285
1,39,0.06457721744792226,0.07552915402437556,0.07349885981581408,0.09819658007312565,0.09123546477330342
1,40,0.067905878265852,0.07899488173224753,0.07705704293604283,0.09819658007312565,0.08999247759602781
1,41,0.07138966854789569,0.08260158776233997,0.08076839637982554,0.09819658007312565,0.09045990311660841
1,42,0.0750341914295554,0.08635344558892256,0.08463776742835193,0.09819658007312565,0.08842125771050724
1,43,0.07884509617940791,0.09025462161326757,0.08867000224384715,0.09819658007312565,0.08884834842699413
1,44,0.08282806224513267,0.09430926276670352,0.09286993048009666,0.09819658007312565,0.09106837087083519
1,45,0.08698878172887411,0.09852148326947452,0.09724234874948835,0.09819658007312565,0.09087187163187022
1,46,0.0913329402596958,0.10289535055070768,0.10179200295012993,0.09819658007312565,0.09297113158225971
1,47,0.09586619624165056,0.10743487034092554,0.10652356946553786,0.09819658007312565,0.09481174537633491
1,48,0.10059415846812317,0.1121439709550528,0.11144163525896852,0.09819658007312565,0.09880545466390421
1,49,0.10552236210659265,0.11702648679073546,0.11655067689461585,0.09819658007312565,0.09899525858547283
1,50,0.11065624307278389,0.12208614107397435,0.12185503852858805,0.09819658007312565,0.09899525858547283
1,51,0.11600111082928677,0.12732652789154372,0.12735890892373558,0.09819658007312565,0.09899525858547283
1,52,0.12156211966105157,0.13275109355738085,0.1330662975539755,0.09819658007312565,0.09899525858547283
1,53,0.1273442384986418,0.13836311736805573,0.13898100987567816,0.09819658007312565,0.09899525858547283
1,54,0.13335221937963673,0.14416569181052608,0.14510662185589066,0.09819658007312565,0.09899525858547283
1,55,0.1395905646590153,0.15016170229361292,0.15144645385959976,0.09819658007312565,0.09899525858547283
1,56,0.14606349310057842,0.15635380648296057,0.1580035440108245,0.09819658007312565,0.09899525858547283
1,57,0.15277490500333718,0.16274441332763512,0.1647806211550086,0.11863922351708857,0.09899525858547283
1,58,0.15972834653913132,0.1693356618749304,0.17178007756288882,0.11863922351708857,0.09899525858547283
1,59,0.16692697350036967,0.17612939997834814,0.17900394152867552,0.11863922351708857,0.09899525858547283
1,60,0.17437351467948042,0.1831271630120613,0.18645385002791678,0.11863922351708857,0.09899525858547283
