model,size_group,n,observed,predicted,sim_low,sim_high
Size in mm,5-9 mm,733,0.030013642564802184,0.031716198007941385,0.019099590723055934,0.045020463847203276
Size in mm,10-14 mm,889,0.03937007874015748,0.038228174485621325,0.02699662542182227,0.05174353205849269
Size in mm,15-19 mm,590,0.04406779661016949,0.04983149122343103,0.03389830508474576,0.06783898305084742
Size in mm,20-29 mm,521,0.05566218809980806,0.047053364854398004,0.030710172744721688,0.06525911708253358
Size in mm,>= 30 mm,267,0.0898876404494382,0.09307789076530927,0.0599250936329588,0.12734082397003746
Size >= 20 mm (yes/no),5-9 mm,733,0.030013642564802184,0.03799579481173084,0.02455661664392906,0.05184174624829468
Size >= 20 mm (yes/no),10-14 mm,889,0.03937007874015748,0.03676929422784985,0.024746906636670417,0.049493813273340834
Size >= 20 mm (yes/no),15-19 mm,590,0.04406779661016949,0.03806979633298778,0.023728813559322035,0.05254237288135593
Size >= 20 mm (yes/no),20-29 mm,521,0.05566218809980806,0.06982099611078084,0.05177543186180423,0.09217850287907865
Size >= 20 mm (yes/no),>= 30 mm,267,0.0898876404494382,0.06225940459507396,0.033707865168539325,0.09363295880149813
