group,blup,conf_low,conf_high
H08,-0.6381727678619566,-1.3002115250083528,0.023865989284439504
H13,-0.5962612172459182,-1.2638792470136475,0.07135681252181114
H05,-0.498024545967404,-1.2294450889560362,0.23339599702122826
H10,-0.28507047329509067,-1.063901000053979,0.49376005346379775
H06,-0.13861738403825263,-0.5966888689000507,0.3194541008235454
H19,-0.13771640006286248,-1.0276002000290216,0.7521673999032966
H03,-0.10870716344716573,-0.9352452533935005,0.7178309264991691
H14,-0.07702470013413432,-0.41322138814043385,0.2591719878721652
H02,-0.031375602740627076,-0.8134775979910218,0.7507263925097676
H17,-0.003684732259050818,-0.7390750803062734,0.7317056157881717
H15,0.028282210250205973,-0.6352224201404647,0.6917868406408766
H04,0.048939349517598804,-0.8274738260823101,0.9253525251175078
H11,0.09793426117343139,-0.21274037026591947,0.40860889261278227
H12,0.13139159324274335,-0.5920090331656198,0.8547922196511064
H09,0.25366284974052294,-0.18904817177638622,0.6963738712574321
H16,0.33930446932045355,-0.2289492605944704,0.9075581992353775
H20,0.3496584666931616,-0.33092546319723326,1.0302423965835565
H07,0.4000627808800965,-0.19482776464797325,0.9949533264081662
H01,0.6126433543336304,0.17585266122676724,1.0494340474404935
H18,0.6356107149747996,0.1396525566374311,1.131568873312168
