hospital,blup,true_effect,n,rank_estimated,rank_true
H18,0.6356107149747996,0.4265458578392969,149,1.0,4.0
H01,0.6126433543336304,0.847046601088954,206,2.0,1.0
H07,0.4000627808800965,0.2892939331204964,113,3.0,7.0
H20,0.3496584666931616,0.8097086697584963,61,4.0,2.0
H16,0.33930446932045355,0.5063658778276171,122,5.0,3.0
H09,0.25366284974052294,0.29562763994537755,276,6.0,6.0
H12,0.13139159324274335,-0.010623348609673759,50,7.0,12.0
H11,0.09793426117343139,0.39290131851285504,700,8.0,5.0
H04,0.048939349517598804,0.1864642435252125,15,9.0,9.0
H15,0.028282210250205973,-0.5035400732223687,99,10.0,18.0
H17,-0.003684732259050818,-0.014299130618634812,69,11.0,13.0
H02,-0.031375602740627076,0.10566306640181472,46,12.0,10.0
H14,-0.07702470013413432,-0.03606549653308136,700,13.0,14.0
H03,-0.10870716344716573,-0.12019925864278998,27,14.0,15.0
H19,-0.13771640006286248,-0.5575280334118149,16,15.0,19.0
H06,-0.13861738403825263,0.07605163193573997,338,16.0,11.0
H10,-0.28507047329509067,-0.33676338588666005,50,17.0,16.0
H05,-0.498024545967404,0.2073034069873046,80,18.0,8.0
H13,-0.5962612172459182,-0.49909141988690414,154,19.0,17.0
H08,-0.6381727678619566,-0.8297984002489316,174,20.0,20.0
