model,scale,estimate,conf_low,conf_high
Cox,hazard ratio,0.6935833458307828,0.43558953499025205,1.1043834136754196
"Cox, time replaced by its rank",hazard ratio,0.6935777016709721,0.43558675940867614,1.1043724765836083
"Cox, time squared",hazard ratio,0.6935833458307828,0.43558953499025205,1.1043834136754196
"Poisson, constant hazard",hazard ratio,0.6763410092852915,0.42465606611367823,1.0771944576875376
"Poisson, 5 intervals",hazard ratio,0.6915554994121351,0.4343003963109577,1.1011940417957686
"Weibull, as hazard ratio",hazard ratio,0.6909197370412811,0.4322162917654064,1.1044703592346183
Weibull AFT,time ratio,2.2883960593419994,0.8005260556458201,6.541644069520344
Log-normal AFT,time ratio,2.526488235016127,0.8050523750808515,7.928854071182441
Exponential AFT,time ratio,1.4785440868431639,0.9283355166881124,2.3548518584508003
