term,estimand,estimate,conf_low,conf_high
Crude (no adjustment),-,0.7768239204317496,-0.8833107602090218,2.4369586010725213
"Restriction (<20 mm, no antithrombotic)",restricted,-2.101351259034581,-3.818218034314998,-0.3844844837541644
Stratification (8 strata),ATE,-3.0329261132542378,-4.971548662917524,-1.0943035635909506
Regression + standardization,ATE,-3.0192104946622256,-4.790249885436294,-1.2481711038881567
Propensity score matching,ATT,-1.948051948051947,-4.460427403323207,0.564323507219313
Propensity score weighting (IPTW),ATE,-5.571908584717909,-10.5783882800044,-0.5654288894314179
Truth: ATE (all patients),ATE,-2.0999999999999996,-2.0999999999999996,-2.0999999999999996
Truth: ATT (clipped patients),ATT,-3.6677454153182314,-3.6677454153182314,-3.6677454153182314
Truth: restricted group,restricted,-0.6249999999999999,-0.6249999999999999,-0.6249999999999999
