sample,method,repeats,mean,min,max,sd,new_patients,apparent
"400 patients, 21 bleeds",Split 70/30,100,0.5998443195452308,0.4358974358974359,0.8917378917378918,0.08753312687959881,0.6082593658419576,0.772207563764292
"400 patients, 21 bleeds",5-fold CV,20,0.5407463249151903,0.4807136574946601,0.5936675461741424,0.03269502001406472,0.6082593658419576,0.772207563764292
"400 patients, 21 bleeds",10-fold CV,20,0.548033672571931,0.48197009674582236,0.6100012564392511,0.03212078761988359,0.6082593658419576,0.772207563764292
"400 patients, 21 bleeds",Leave-one-out,1,0.557482095740671,0.557482095740671,0.557482095740671,,0.6082593658419576,0.772207563764292
"400 patients, 21 bleeds",Bootstrap,1,0.6322608210019205,0.6322608210019205,0.6322608210019205,,0.6082593658419576,0.772207563764292
"2000 patients, 95 bleeds",Split 70/30,100,0.6305542564116502,0.4723401598401598,0.7387444514901713,0.046423136740376215,0.6238617266002922,0.7116784086199752
"2000 patients, 95 bleeds",5-fold CV,20,0.6397668186213565,0.6248708385136069,0.655422019615969,0.01015220744081242,0.6238617266002922,0.7116784086199752
"2000 patients, 95 bleeds",10-fold CV,20,0.642600635446885,0.6293134410830226,0.6567094902610858,0.007833837668373303,0.6238617266002922,0.7116784086199752
"2000 patients, 95 bleeds",Leave-one-out,1,0.6443762950683796,0.6443762950683796,0.6443762950683796,,0.6238617266002922,0.7116784086199752
"2000 patients, 95 bleeds",Bootstrap,1,0.6590777785875054,0.6590777785875054,0.6590777785875054,,0.6238617266002922,0.7116784086199752
