method,repeat,auc,sample
Split 70/30,0,0.4358974358974359,"400 patients, 21 bleeds"
Split 70/30,1,0.5412946428571428,"400 patients, 21 bleeds"
Split 70/30,2,0.6023391812865497,"400 patients, 21 bleeds"
Split 70/30,3,0.5495689655172413,"400 patients, 21 bleeds"
Split 70/30,4,0.6301169590643275,"400 patients, 21 bleeds"
Split 70/30,5,0.6767241379310345,"400 patients, 21 bleeds"
Split 70/30,6,0.6239316239316239,"400 patients, 21 bleeds"
Split 70/30,7,0.6305803571428571,"400 patients, 21 bleeds"
Split 70/30,8,0.6216216216216216,"400 patients, 21 bleeds"
Split 70/30,9,0.5897435897435899,"400 patients, 21 bleeds"
Split 70/30,10,0.5379464285714286,"400 patients, 21 bleeds"
Split 70/30,11,0.5930434782608696,"400 patients, 21 bleeds"
Split 70/30,12,0.4690265486725663,"400 patients, 21 bleeds"
Split 70/30,13,0.4766081871345029,"400 patients, 21 bleeds"
Split 70/30,14,0.5847953216374269,"400 patients, 21 bleeds"
Split 70/30,15,0.604298356510746,"400 patients, 21 bleeds"
Split 70/30,16,0.4941520467836256,"400 patients, 21 bleeds"
Split 70/30,17,0.5602678571428571,"400 patients, 21 bleeds"
Split 70/30,18,0.5687134502923977,"400 patients, 21 bleeds"
Split 70/30,19,0.5754310344827586,"400 patients, 21 bleeds"
Split 70/30,20,0.7293447293447293,"400 patients, 21 bleeds"
Split 70/30,21,0.5217391304347825,"400 patients, 21 bleeds"
Split 70/30,22,0.6949152542372881,"400 patients, 21 bleeds"
Split 70/30,23,0.5269565217391303,"400 patients, 21 bleeds"
Split 70/30,24,0.5026086956521738,"400 patients, 21 bleeds"
Split 70/30,25,0.6301169590643275,"400 patients, 21 bleeds"
Split 70/30,26,0.6548672566371683,"400 patients, 21 bleeds"
Split 70/30,27,0.7252173913043477,"400 patients, 21 bleeds"
Split 70/30,28,0.4736842105263158,"400 patients, 21 bleeds"
Split 70/30,29,0.5991379310344828,"400 patients, 21 bleeds"
Split 70/30,30,0.8156521739130436,"400 patients, 21 bleeds"
Split 70/30,31,0.5497076023391813,"400 patients, 21 bleeds"
Split 70/30,32,0.5379464285714286,"400 patients, 21 bleeds"
Split 70/30,33,0.5803571428571428,"400 patients, 21 bleeds"
Split 70/30,34,0.7117572692793933,"400 patients, 21 bleeds"
Split 70/30,35,0.604298356510746,"400 patients, 21 bleeds"
Split 70/30,36,0.529709228824273,"400 patients, 21 bleeds"
Split 70/30,37,0.5350877192982455,"400 patients, 21 bleeds"
Split 70/30,38,0.5385385385385386,"400 patients, 21 bleeds"
Split 70/30,39,0.671304347826087,"400 patients, 21 bleeds"
Split 70/30,40,0.486725663716814,"400 patients, 21 bleeds"
Split 70/30,41,0.6447534766118838,"400 patients, 21 bleeds"
Split 70/30,42,0.5454545454545454,"400 patients, 21 bleeds"
Split 70/30,43,0.6036036036036037,"400 patients, 21 bleeds"
Split 70/30,44,0.5217391304347825,"400 patients, 21 bleeds"
Split 70/30,45,0.7931034482758621,"400 patients, 21 bleeds"
Split 70/30,46,0.7065527065527065,"400 patients, 21 bleeds"
Split 70/30,47,0.6000000000000001,"400 patients, 21 bleeds"
Split 70/30,48,0.6536030341340076,"400 patients, 21 bleeds"
Split 70/30,49,0.8318965517241379,"400 patients, 21 bleeds"
Split 70/30,50,0.5183312262958281,"400 patients, 21 bleeds"
Split 70/30,51,0.5652173913043478,"400 patients, 21 bleeds"
Split 70/30,52,0.5555555555555556,"400 patients, 21 bleeds"
Split 70/30,53,0.5385385385385385,"400 patients, 21 bleeds"
Split 70/30,54,0.618204804045512,"400 patients, 21 bleeds"
Split 70/30,55,0.6111111111111112,"400 patients, 21 bleeds"
Split 70/30,56,0.8917378917378918,"400 patients, 21 bleeds"
Split 70/30,57,0.5172413793103448,"400 patients, 21 bleeds"
Split 70/30,58,0.5478260869565217,"400 patients, 21 bleeds"
Split 70/30,59,0.5026086956521738,"400 patients, 21 bleeds"
Split 70/30,60,0.5190058479532164,"400 patients, 21 bleeds"
Split 70/30,61,0.7838983050847458,"400 patients, 21 bleeds"
Split 70/30,62,0.5877192982456141,"400 patients, 21 bleeds"
Split 70/30,63,0.5011160714285714,"400 patients, 21 bleeds"
Split 70/30,64,0.4702907711757268,"400 patients, 21 bleeds"
Split 70/30,65,0.576271186440678,"400 patients, 21 bleeds"
Split 70/30,66,0.4520089285714286,"400 patients, 21 bleeds"
Split 70/30,67,0.6695652173913043,"400 patients, 21 bleeds"
Split 70/30,68,0.7834757834757835,"400 patients, 21 bleeds"
Split 70/30,69,0.5825825825825826,"400 patients, 21 bleeds"
Split 70/30,70,0.6118836915297092,"400 patients, 21 bleeds"
Split 70/30,71,0.6238839285714286,"400 patients, 21 bleeds"
Split 70/30,72,0.6166166166166166,"400 patients, 21 bleeds"
Split 70/30,73,0.6208695652173912,"400 patients, 21 bleeds"
Split 70/30,74,0.6561314791403288,"400 patients, 21 bleeds"
Split 70/30,75,0.6622807017543859,"400 patients, 21 bleeds"
Split 70/30,76,0.625,"400 patients, 21 bleeds"
Split 70/30,77,0.6055625790139065,"400 patients, 21 bleeds"
Split 70/30,78,0.6776232616940583,"400 patients, 21 bleeds"
Split 70/30,79,0.5499367888748419,"400 patients, 21 bleeds"
Split 70/30,80,0.6106106106106105,"400 patients, 21 bleeds"
Split 70/30,81,0.6988304093567251,"400 patients, 21 bleeds"
Split 70/30,82,0.6852173913043479,"400 patients, 21 bleeds"
Split 70/30,83,0.7564655172413793,"400 patients, 21 bleeds"
Split 70/30,84,0.6316964285714285,"400 patients, 21 bleeds"
Split 70/30,85,0.46875,"400 patients, 21 bleeds"
Split 70/30,86,0.5969827586206897,"400 patients, 21 bleeds"
Split 70/30,87,0.662608695652174,"400 patients, 21 bleeds"
Split 70/30,88,0.5703125,"400 patients, 21 bleeds"
Split 70/30,89,0.5657894736842106,"400 patients, 21 bleeds"
Split 70/30,90,0.5668103448275862,"400 patients, 21 bleeds"
Split 70/30,91,0.5130434782608695,"400 patients, 21 bleeds"
Split 70/30,92,0.6383928571428572,"400 patients, 21 bleeds"
Split 70/30,93,0.564655172413793,"400 patients, 21 bleeds"
Split 70/30,94,0.5825892857142858,"400 patients, 21 bleeds"
Split 70/30,95,0.5663716814159292,"400 patients, 21 bleeds"
Split 70/30,96,0.5658482142857143,"400 patients, 21 bleeds"
Split 70/30,97,0.728448275862069,"400 patients, 21 bleeds"
Split 70/30,98,0.5802781289506955,"400 patients, 21 bleeds"
Split 70/30,99,0.5021551724137931,"400 patients, 21 bleeds"
5-fold CV,0,0.5936675461741424,"400 patients, 21 bleeds"
5-fold CV,1,0.5867571302927503,"400 patients, 21 bleeds"
5-fold CV,2,0.5841186078653096,"400 patients, 21 bleeds"
5-fold CV,3,0.5098630481216233,"400 patients, 21 bleeds"
5-fold CV,4,0.525568538761151,"400 patients, 21 bleeds"
5-fold CV,5,0.5476818695816057,"400 patients, 21 bleeds"
5-fold CV,6,0.5305942957657996,"400 patients, 21 bleeds"
5-fold CV,7,0.5486870209825354,"400 patients, 21 bleeds"
5-fold CV,8,0.5522050508857896,"400 patients, 21 bleeds"
5-fold CV,9,0.4807136574946601,"400 patients, 21 bleeds"
5-fold CV,10,0.514260585500691,"400 patients, 21 bleeds"
5-fold CV,11,0.5182811911044101,"400 patients, 21 bleeds"
5-fold CV,12,0.5181555471792938,"400 patients, 21 bleeds"
5-fold CV,13,0.5699208443271767,"400 patients, 21 bleeds"
5-fold CV,14,0.5813544415127527,"400 patients, 21 bleeds"
5-fold CV,15,0.5626334966704359,"400 patients, 21 bleeds"
5-fold CV,16,0.548938308832768,"400 patients, 21 bleeds"
5-fold CV,17,0.5334841060434727,"400 patients, 21 bleeds"
5-fold CV,18,0.5248146752104534,"400 patients, 21 bleeds"
5-fold CV,19,0.4832265359969846,"400 patients, 21 bleeds"
10-fold CV,0,0.5631360723709008,"400 patients, 21 bleeds"
10-fold CV,1,0.5873853499183314,"400 patients, 21 bleeds"
10-fold CV,2,0.5411483854755621,"400 patients, 21 bleeds"
10-fold CV,3,0.5435356200527703,"400 patients, 21 bleeds"
10-fold CV,4,0.5561000125643925,"400 patients, 21 bleeds"
10-fold CV,5,0.5535871340620679,"400 patients, 21 bleeds"
10-fold CV,6,0.5274531976378942,"400 patients, 21 bleeds"
10-fold CV,7,0.4913933911295389,"400 patients, 21 bleeds"
10-fold CV,8,0.5746953134815931,"400 patients, 21 bleeds"
10-fold CV,9,0.5476818695816057,"400 patients, 21 bleeds"
10-fold CV,10,0.48197009674582236,"400 patients, 21 bleeds"
10-fold CV,11,0.5278301294132429,"400 patients, 21 bleeds"
10-fold CV,12,0.5180299032541775,"400 patients, 21 bleeds"
10-fold CV,13,0.6100012564392511,"400 patients, 21 bleeds"
10-fold CV,14,0.5901495162708883,"400 patients, 21 bleeds"
10-fold CV,15,0.5181555471792938,"400 patients, 21 bleeds"
10-fold CV,16,0.572936298529966,"400 patients, 21 bleeds"
10-fold CV,17,0.560371906018344,"400 patients, 21 bleeds"
10-fold CV,18,0.5611257695690413,"400 patients, 21 bleeds"
10-fold CV,19,0.5339866817439376,"400 patients, 21 bleeds"
Leave-one-out,0,0.557482095740671,"400 patients, 21 bleeds"
Bootstrap,0,0.6322608210019205,"400 patients, 21 bleeds"
Split 70/30,0,0.5999000999000998,"2000 patients, 95 bleeds"
Split 70/30,1,0.5582462709100791,"2000 patients, 95 bleeds"
Split 70/30,2,0.669069102112676,"2000 patients, 95 bleeds"
Split 70/30,3,0.6680523799625857,"2000 patients, 95 bleeds"
Split 70/30,4,0.6504427638808092,"2000 patients, 95 bleeds"
Split 70/30,5,0.611882759793639,"2000 patients, 95 bleeds"
Split 70/30,6,0.5958956866197184,"2000 patients, 95 bleeds"
Split 70/30,7,0.6273726273726274,"2000 patients, 95 bleeds"
Split 70/30,8,0.5282782608695653,"2000 patients, 95 bleeds"
Split 70/30,9,0.7254021698466142,"2000 patients, 95 bleeds"
Split 70/30,10,0.560695652173913,"2000 patients, 95 bleeds"
Split 70/30,11,0.5842690058479532,"2000 patients, 95 bleeds"
Split 70/30,12,0.6224141725352113,"2000 patients, 95 bleeds"
Split 70/30,13,0.5744857207444805,"2000 patients, 95 bleeds"
Split 70/30,14,0.6565565217391305,"2000 patients, 95 bleeds"
Split 70/30,15,0.6909913043478261,"2000 patients, 95 bleeds"
Split 70/30,16,0.5841897744166504,"2000 patients, 95 bleeds"
Split 70/30,17,0.5434657455382844,"2000 patients, 95 bleeds"
Split 70/30,18,0.6162573099415204,"2000 patients, 95 bleeds"
Split 70/30,19,0.5968093951361464,"2000 patients, 95 bleeds"
Split 70/30,20,0.6675627670299074,"2000 patients, 95 bleeds"
Split 70/30,21,0.6114499667854338,"2000 patients, 95 bleeds"
Split 70/30,22,0.6278721278721279,"2000 patients, 95 bleeds"
Split 70/30,23,0.7119341563786008,"2000 patients, 95 bleeds"
Split 70/30,24,0.669316786245233,"2000 patients, 95 bleeds"
Split 70/30,25,0.6351237799754379,"2000 patients, 95 bleeds"
Split 70/30,26,0.6949508101851851,"2000 patients, 95 bleeds"
Split 70/30,27,0.5861944016668176,"2000 patients, 95 bleeds"
Split 70/30,28,0.6096695652173912,"2000 patients, 95 bleeds"
Split 70/30,29,0.6752695652173913,"2000 patients, 95 bleeds"
Split 70/30,30,0.6173321759259259,"2000 patients, 95 bleeds"
Split 70/30,31,0.6948726014469959,"2000 patients, 95 bleeds"
Split 70/30,32,0.6781563580701854,"2000 patients, 95 bleeds"
Split 70/30,33,0.6263695152584041,"2000 patients, 95 bleeds"
Split 70/30,34,0.5814260563380282,"2000 patients, 95 bleeds"
Split 70/30,35,0.6504181338028169,"2000 patients, 95 bleeds"
Split 70/30,36,0.5937978343443506,"2000 patients, 95 bleeds"
Split 70/30,37,0.6942098609355246,"2000 patients, 95 bleeds"
Split 70/30,38,0.588320550757896,"2000 patients, 95 bleeds"
Split 70/30,39,0.6432720464692046,"2000 patients, 95 bleeds"
Split 70/30,40,0.6049986598767088,"2000 patients, 95 bleeds"
Split 70/30,41,0.6419883040935673,"2000 patients, 95 bleeds"
Split 70/30,42,0.6914668760190833,"2000 patients, 95 bleeds"
Split 70/30,43,0.6343481352207354,"2000 patients, 95 bleeds"
Split 70/30,44,0.6671453546453546,"2000 patients, 95 bleeds"
Split 70/30,45,0.5644638685856379,"2000 patients, 95 bleeds"
Split 70/30,46,0.539734655588314,"2000 patients, 95 bleeds"
Split 70/30,47,0.6204770838917181,"2000 patients, 95 bleeds"
Split 70/30,48,0.6693299620733248,"2000 patients, 95 bleeds"
Split 70/30,49,0.5765592432259099,"2000 patients, 95 bleeds"
Split 70/30,50,0.653495652173913,"2000 patients, 95 bleeds"
Split 70/30,51,0.6700174825174825,"2000 patients, 95 bleeds"
Split 70/30,52,0.6135996380324478,"2000 patients, 95 bleeds"
Split 70/30,53,0.6394353421395771,"2000 patients, 95 bleeds"
Split 70/30,54,0.6110608695652174,"2000 patients, 95 bleeds"
Split 70/30,55,0.5935744912132376,"2000 patients, 95 bleeds"
Split 70/30,56,0.622469190140845,"2000 patients, 95 bleeds"
Split 70/30,57,0.6462280252602833,"2000 patients, 95 bleeds"
Split 70/30,58,0.5868521739130435,"2000 patients, 95 bleeds"
Split 70/30,59,0.7010782608695654,"2000 patients, 95 bleeds"
Split 70/30,60,0.6876873126873126,"2000 patients, 95 bleeds"
Split 70/30,61,0.6470760233918129,"2000 patients, 95 bleeds"
Split 70/30,62,0.6725158027812894,"2000 patients, 95 bleeds"
Split 70/30,63,0.6708134549187753,"2000 patients, 95 bleeds"
Split 70/30,64,0.6,"2000 patients, 95 bleeds"
Split 70/30,65,0.5878978199166616,"2000 patients, 95 bleeds"
Split 70/30,66,0.6420073675946614,"2000 patients, 95 bleeds"
Split 70/30,67,0.5934975114730786,"2000 patients, 95 bleeds"
Split 70/30,68,0.635551948051948,"2000 patients, 95 bleeds"
Split 70/30,69,0.6237687155240347,"2000 patients, 95 bleeds"
Split 70/30,70,0.4723401598401598,"2000 patients, 95 bleeds"
Split 70/30,71,0.6879910213243545,"2000 patients, 95 bleeds"
Split 70/30,72,0.6169037050457469,"2000 patients, 95 bleeds"
Split 70/30,73,0.6529379793465788,"2000 patients, 95 bleeds"
Split 70/30,74,0.618757171326771,"2000 patients, 95 bleeds"
Split 70/30,75,0.6276844246854043,"2000 patients, 95 bleeds"
Split 70/30,76,0.6599025974025974,"2000 patients, 95 bleeds"
Split 70/30,77,0.5680807776354457,"2000 patients, 95 bleeds"
Split 70/30,78,0.6798004422019388,"2000 patients, 95 bleeds"
Split 70/30,79,0.5711977247753861,"2000 patients, 95 bleeds"
Split 70/30,80,0.7051073926073926,"2000 patients, 95 bleeds"
Split 70/30,81,0.6015647145529792,"2000 patients, 95 bleeds"
Split 70/30,82,0.6832190490543291,"2000 patients, 95 bleeds"
Split 70/30,83,0.6247652173913043,"2000 patients, 95 bleeds"
Split 70/30,84,0.6756841774142812,"2000 patients, 95 bleeds"
Split 70/30,85,0.6617132867132867,"2000 patients, 95 bleeds"
Split 70/30,86,0.632465233881163,"2000 patients, 95 bleeds"
Split 70/30,87,0.6358224700474718,"2000 patients, 95 bleeds"
Split 70/30,88,0.6386426319936958,"2000 patients, 95 bleeds"
Split 70/30,89,0.5935672514619883,"2000 patients, 95 bleeds"
Split 70/30,90,0.6614216549295775,"2000 patients, 95 bleeds"
Split 70/30,91,0.6099185788304959,"2000 patients, 95 bleeds"
Split 70/30,92,0.6362073324905184,"2000 patients, 95 bleeds"
Split 70/30,93,0.6701286518359689,"2000 patients, 95 bleeds"
Split 70/30,94,0.5961707746478874,"2000 patients, 95 bleeds"
Split 70/30,95,0.7387444514901713,"2000 patients, 95 bleeds"
Split 70/30,96,0.5649391304347826,"2000 patients, 95 bleeds"
Split 70/30,97,0.6392122219912701,"2000 patients, 95 bleeds"
Split 70/30,98,0.6804869565217391,"2000 patients, 95 bleeds"
Split 70/30,99,0.6187134502923977,"2000 patients, 95 bleeds"
5-fold CV,0,0.6436413869318967,"2000 patients, 95 bleeds"
5-fold CV,1,0.6489294101395221,"2000 patients, 95 bleeds"
5-fold CV,2,0.6498687664041995,"2000 patients, 95 bleeds"
5-fold CV,3,0.6380163005940047,"2000 patients, 95 bleeds"
5-fold CV,4,0.655422019615969,"2000 patients, 95 bleeds"
5-fold CV,5,0.652559745821246,"2000 patients, 95 bleeds"
5-fold CV,6,0.6301588617212323,"2000 patients, 95 bleeds"
5-fold CV,7,0.6297002348390661,"2000 patients, 95 bleeds"
5-fold CV,8,0.6336952617764885,"2000 patients, 95 bleeds"
5-fold CV,9,0.6293244923331951,"2000 patients, 95 bleeds"
5-fold CV,10,0.6467246857300732,"2000 patients, 95 bleeds"
5-fold CV,11,0.6432490675507667,"2000 patients, 95 bleeds"
5-fold CV,12,0.6334576598977759,"2000 patients, 95 bleeds"
5-fold CV,13,0.63260671363448,"2000 patients, 95 bleeds"
5-fold CV,14,0.6541842795966294,"2000 patients, 95 bleeds"
5-fold CV,15,0.6313358198646222,"2000 patients, 95 bleeds"
5-fold CV,16,0.6382041718469402,"2000 patients, 95 bleeds"
5-fold CV,17,0.6264456416632131,"2000 patients, 95 bleeds"
5-fold CV,18,0.6529410139522034,"2000 patients, 95 bleeds"
5-fold CV,19,0.6248708385136069,"2000 patients, 95 bleeds"
10-fold CV,0,0.6447023069484736,"2000 patients, 95 bleeds"
10-fold CV,1,0.6526426301975411,"2000 patients, 95 bleeds"
10-fold CV,2,0.6350545655477275,"2000 patients, 95 bleeds"
10-fold CV,3,0.6401933968780218,"2000 patients, 95 bleeds"
10-fold CV,4,0.6293134410830226,"2000 patients, 95 bleeds"
10-fold CV,5,0.6483326426301976,"2000 patients, 95 bleeds"
10-fold CV,6,0.6300870285951099,"2000 patients, 95 bleeds"
10-fold CV,7,0.6499129714048902,"2000 patients, 95 bleeds"
10-fold CV,8,0.63221439425335,"2000 patients, 95 bleeds"
10-fold CV,9,0.6459510982179859,"2000 patients, 95 bleeds"
10-fold CV,10,0.6306395911037436,"2000 patients, 95 bleeds"
10-fold CV,11,0.6508302251692224,"2000 patients, 95 bleeds"
10-fold CV,12,0.6567094902610858,"2000 patients, 95 bleeds"
10-fold CV,13,0.6478021826219091,"2000 patients, 95 bleeds"
10-fold CV,14,0.6405746650089792,"2000 patients, 95 bleeds"
10-fold CV,15,0.6457577013399641,"2000 patients, 95 bleeds"
10-fold CV,16,0.6414200856471888,"2000 patients, 95 bleeds"
10-fold CV,17,0.6425749412902335,"2000 patients, 95 bleeds"
10-fold CV,18,0.6420886862826357,"2000 patients, 95 bleeds"
10-fold CV,19,0.6452106644564167,"2000 patients, 95 bleeds"
Leave-one-out,0,0.6443762950683796,"2000 patients, 95 bleeds"
Bootstrap,0,0.6590777785875054,"2000 patients, 95 bleeds"
