threshold,model,net_benefit,treat_all,treat_none
0.01,Seven predictors,0.034504848484848485,0.034505050505050504,0.0
0.02,Seven predictors,0.02462326530612245,0.024653061224489792,0.0
0.03,Seven predictors,0.01719237113402062,0.014597938144329893,0.0
0.04,Seven predictors,0.012606666666666662,0.004333333333333328,0.0
0.05,Seven predictors,0.00947157894736842,-0.0061473684210526375,0.0
0.060000000000000005,Seven predictors,0.006997446808510638,-0.016851063829787245,0.0
0.06999999999999999,Seven predictors,0.004986881720430108,-0.02778494623655913,0.0
0.08,Seven predictors,0.0034791304347826096,-0.03895652173913044,0.0
0.09,Seven predictors,0.002601318681318683,-0.05037362637362638,0.0
0.09999999999999999,Seven predictors,0.0024177777777777774,-0.06204444444444444,0.0
0.11,Seven predictors,0.001788539325842697,-0.07397752808988764,0.0
0.12,Seven predictors,0.0015336363636363638,-0.08618181818181817,0.0
0.13,Seven predictors,0.0013255172413793098,-0.09866666666666668,0.0
0.14,Seven predictors,0.0011934883720930234,-0.11144186046511628,0.0
0.15000000000000002,Seven predictors,0.0010117647058823526,-0.12451764705882357,0.0
0.16,Seven predictors,0.0009152380952380953,-0.13790476190476192,0.0
0.17,Seven predictors,0.0008161445783132527,-0.15161445783132532,0.0
0.18000000000000002,Seven predictors,0.0007107317073170728,-0.1656585365853659,0.0
0.19,Seven predictors,0.0005911111111111113,-0.18004938271604937,0.0
0.2,Seven predictors,0.0004499999999999999,-0.1948,0.0
0.01,Age + antithrombotic,0.034505050505050504,0.034505050505050504,0.0
0.02,Age + antithrombotic,0.024653061224489792,0.024653061224489792,0.0
0.03,Age + antithrombotic,0.014893402061855666,0.014597938144329893,0.0
0.04,Age + antithrombotic,0.0083625,0.004333333333333328,0.0
0.05,Age + antithrombotic,0.006173684210526314,-0.0061473684210526375,0.0
0.060000000000000005,Age + antithrombotic,0.004168936170212764,-0.016851063829787245,0.0
0.06999999999999999,Age + antithrombotic,0.0021612903225806477,-0.02778494623655913,0.0
0.08,Age + antithrombotic,0.0006869565217391318,-0.03895652173913044,0.0
0.09,Age + antithrombotic,-0.0003118681318681313,-0.05037362637362638,0.0
0.09999999999999999,Age + antithrombotic,-0.00002444444444444434,-0.06204444444444444,0.0
0.11,Age + antithrombotic,0.0,-0.07397752808988764,0.0
0.12,Age + antithrombotic,0.0,-0.08618181818181817,0.0
0.13,Age + antithrombotic,0.0,-0.09866666666666668,0.0
0.14,Age + antithrombotic,0.0,-0.11144186046511628,0.0
0.15000000000000002,Age + antithrombotic,0.0,-0.12451764705882357,0.0
0.16,Age + antithrombotic,0.0,-0.13790476190476192,0.0
0.17,Age + antithrombotic,0.0,-0.15161445783132532,0.0
0.18000000000000002,Age + antithrombotic,0.0,-0.1656585365853659,0.0
0.19,Age + antithrombotic,0.0,-0.18004938271604937,0.0
0.2,Age + antithrombotic,0.0,-0.1948,0.0
