model,tenth,n,pred_mean,obs_rate
Same population,1,5000,0.015114182942142673,0.019
Same population,2,4997,0.020147970701320336,0.021412847708625175
Same population,3,5002,0.02441279059303961,0.02618952419032387
Same population,4,5001,0.028525921200119833,0.027994401119776045
Same population,5,4998,0.033051115480170784,0.033813525410164066
Same population,6,5000,0.038085399710712946,0.0318
Same population,7,5000,0.04435461305472423,0.04
Same population,8,5001,0.052884345409770925,0.05558888222355529
Same population,9,5001,0.06868507075349219,0.07398520295940812
Same population,10,5000,0.12280879506336878,0.1118
Hospital with higher risk,1,5000,0.015114182942142673,0.0388
Hospital with higher risk,2,4997,0.020147970701320336,0.04902941765059035
Hospital with higher risk,3,5002,0.02441279059303961,0.052179128348660536
Hospital with higher risk,4,5001,0.028525921200119833,0.0657868426314737
Hospital with higher risk,5,4998,0.033051115480170784,0.061224489795918366
Hospital with higher risk,6,5000,0.038085399710712946,0.0798
Hospital with higher risk,7,5000,0.04435461305472423,0.0924
Hospital with higher risk,8,5001,0.052884345409770925,0.10577884423115377
Hospital with higher risk,9,5001,0.06868507075349219,0.14417116576684663
Hospital with higher risk,10,5000,0.12280879506336878,0.2036
