name,No bleeding,Delayed bleeding,All,P value
Age,67.9 (9.9),70.2 (10.3),68.0 (9.9),0.008
Male,"","","",0.86
  No,1158 (40.4%),56 (41.2%),1214 (40.5%),""
  Yes,1706 (59.6%),80 (58.8%),1786 (59.5%),""
Antithrombotic,"","","",P<.001
  No,2299 (80.3%),85 (62.5%),2384 (79.5%),""
  Yes,565 (19.7%),51 (37.5%),616 (20.5%),""
Hypertension,"","","",0.002
  No,1495 (52.2%),52 (38.2%),1547 (51.6%),""
  Yes,1369 (47.8%),84 (61.8%),1453 (48.4%),""
Lesion size (mm),"14.0 [10.0,20.0]","16.0 [11.0,25.0]","14.0 [10.0,20.0]",P<.001
Proximal colon,"","","",0.01
  No,1300 (45.4%),47 (34.6%),1347 (44.9%),""
  Yes,1564 (54.6%),89 (65.4%),1653 (55.1%),""
Prophylactic clip,"","","",0.34
  No,1984 (69.3%),89 (65.4%),2073 (69.1%),""
  Yes,880 (30.7%),47 (34.6%),927 (30.9%),""
