model,split,bin,n,pred_mean,obs_rate
glm_full (apparent),apparent,2,294,0.1763144930998709,0.1870748299319728
glm_full (apparent),apparent,3,1261,0.2540609302789152,0.23552735923869944
glm_full (apparent),apparent,4,1166,0.34799256404379186,0.38593481989708406
glm_full (apparent),apparent,5,1004,0.4512121852354766,0.4252988047808765
glm_full (apparent),apparent,6,1052,0.5491206946460351,0.5551330798479087
glm_full (apparent),apparent,7,640,0.6470568549633786,0.6390625
glm_full (apparent),apparent,8,413,0.7468652233881174,0.7457627118644068
glm_full (apparent),apparent,9,292,0.8519410487203454,0.863013698630137
glm_full (apparent),apparent,10,175,0.9314449192238649,0.92
glm_full (validation),validation,1,1,0.08366356267209993,0.0
glm_full (validation),validation,2,146,0.17290021439519462,0.21232876712328766
glm_full (validation),validation,3,520,0.2516685695024351,0.24615384615384617
glm_full (validation),validation,4,499,0.3483528646888383,0.3847695390781563
glm_full (validation),validation,5,465,0.4508543167433412,0.4258064516129032
glm_full (validation),validation,6,417,0.5506678972004142,0.539568345323741
glm_full (validation),validation,7,283,0.6463960419900225,0.6643109540636042
glm_full (validation),validation,8,173,0.746751656053314,0.8034682080924855
glm_full (validation),validation,9,128,0.8511235756868327,0.796875
glm_full (validation),validation,10,67,0.9320402213485138,0.8656716417910447
