term,mean_treated_all,mean_control_all,smd_all,variance_ratio_all,ecdf_mean_all,ecdf_max_all,n_all,mean_treated_matched,mean_control_matched,smd_matched,variance_ratio_matched,ecdf_mean_matched,ecdf_max_matched,n_matched,pair_distance
distance,0.5060244015546297,0.3038137734337803,1.0075223843474206,1.0894849030929787,0.26596722999144295,0.3900869383127836,5735,0.44154683140675194,0.4395314338602874,0.011352478518073096,1.0223930545140254,0.0022854168564327452,0.020895522388059706,5735,0.01297459138806585
age,60.74983579670329,61.76092582652773,-0.06468617199603414,0.8174921784681849,0.028455804640682956,0.0702719555859534,5735,60.8282475761194,60.632196698507464,0.012635241674945518,0.786472347529734,0.02563939634630659,0.059701492537313355,5735,1.1853354356963457
edu,11.856427929029303,11.569005317093776,0.09103655224134342,1.014723065872498,0.018112133147635524,0.05107600087887148,5735,11.73802929791045,11.881800762388059,-0.04558954025924007,1.0233813015230435,0.0070220326936744825,0.02388059701492538,5735,1.0539226679112834
aps1,60.739010989010985,50.93353984793016,0.4837123694779039,1.1609433137087244,0.07974752440326821,0.21274110991795583,5735,57.149253731343286,57.34089552238806,-0.009876060065127201,0.9959933687500776,0.005552724183958256,0.016716417910447753,5735,0.9745717262190504
scoma1,18.973443223443223,22.25316812165587,-0.11603626104739992,0.8116318851697857,0.0345903627021686,0.06825941823126315,5735,18.797014925373134,19.20179104477612,-0.014214475875189732,0.9634966142923282,0.007327001356852122,0.017313432835820916,5735,0.9959171136700211
meanbp1,68.1978021978022,84.86862855533653,-0.4868502006767194,0.775893462805041,0.09255511969259717,0.21171782080681312,5735,72.91402985074627,72.65373134328358,0.007306913308824295,1.0243320239511693,0.007499580747945663,0.03940298507462686,5735,0.9878006860599281
hrt1,118.92811355311355,112.87299352295128,0.14600949722629172,1.0260401294416606,0.034417502355774045,0.07816015299822252,5735,117.77671641791045,116.47701492537314,0.031908804594841626,0.9273611215395722,0.009454315722972438,0.02865671641791047,5735,1.0429223014393727
resp1,26.651556776556777,28.97811796113771,-0.16413311902838307,1.0330215209748665,0.03248462974596803,0.09104603975767242,5735,27.81313432835821,27.918208955223882,-0.007422978208188874,1.0306996894079963,0.011160862354892205,0.042985074626865655,5735,1.1095545293276543
temp1,37.59473466117216,37.632884908476484,-0.02086883589019983,1.102360862101954,0.006964501223399391,0.028031493991787067,5735,37.64714883582089,37.63817952835821,0.005210194623716464,0.8620907157515894,0.008636478623830003,0.029850746268656737,5735,1.0990909198182661
pafi1,192.4334031456044,240.6266323852436,-0.45664446638541134,0.8183973811496797,0.11147724785536711,0.18158146650120957,5735,207.8478356895522,209.4842676238806,-0.015214174582370916,1.0518137800774363,0.008623351202259938,0.027462686567164194,5735,1.0229443075094304
alb1,2.977644893818681,3.1635323634469166,-0.200952163410306,1.8947106697821847,0.03586680680790903,0.09896015464869459,5735,3.0338106689552236,3.034264114865671,-0.00047776203375328794,1.8148760426208537,0.00808588635768526,0.04597014925373129,5735,0.8061402658197612
hema1,30.50911193727106,32.699695649112925,-0.2954146274987924,0.7108968403740447,0.05081332056973042,0.1478871968170784,5735,30.93224700238806,30.954653719402984,-0.002986944532088815,0.8171061137134314,0.017792371475953566,0.04955223880597011,5735,1.1469750211943195
bili1,2.705654443301282,1.9973190151703746,0.1329123734868937,1.4504053072233591,0.024365243978664835,0.11186370655534053,5735,2.3750291220895523,2.4347477413671643,-0.012611970824038681,0.7913058099968522,0.0050230052743799655,0.1050746268656714,5735,0.5435944665522855
crea1,2.4734409883608057,1.9236431206026472,0.26780846601784786,1.0275776371216259,0.03968410500021136,0.20107863130954784,5735,2.2712847633432833,2.2924902712537314,-0.011178566977083037,0.6494821713849652,0.017644211375554657,0.06567164179104468,5735,0.891794457247102
sod1,136.33287545787545,137.0371726274289,-0.0926688724334224,0.9799331381753784,0.009957649712805253,0.056845798995900254,5735,136.56776119402986,136.53432835820897,0.004474216622872961,0.8676653827609331,0.005111429155591901,0.019104477611940295,5735,1.092516000788479
cardiohx,0.2042124542124542,0.1596733314559279,0.1104593614673075,1.211366080338597,0.022269561378263622,0.044539122756519715,5735,0.20238805970149254,0.19940298507462687,0.0074274074221240315,1.0111856823266219,0.0014925373134328358,0.0029850746268656452,5735,0.7684461090556487
chfhx,0.1945970695970696,0.16784004505773023,0.06757150890782412,1.1223380328260246,0.013378512269670222,0.026757024539332864,5735,0.19582089552238807,0.19940298507462687,-0.00902403667769262,0.9864298249139305,0.0017910447761194295,0.0035820895522388325,5735,0.8171659750300208
chrpulhx,0.14423076923076922,0.21796676992396508,-0.20983253908270358,0.7242285985224135,0.03686800034660523,0.0737360006932023,5735,0.15104477611940298,0.14029850746268657,0.030000795282518623,1.0631382978723405,0.005373134328358207,0.010746268656716388,5735,0.696566048582547
