name,All,Lev,Lev+5FU,Obs,P value
Age (years),59.8 (11.9),60.1 (11.6),59.7 (12.3),59.5 (12.0),0.79
Sex,"","","","",0.03
  female,445 (47.9%),133 (42.9%),163 (53.6%),149 (47.3%),""
  male,484 (52.1%),177 (57.1%),141 (46.4%),166 (52.7%),""
Positive nodes,3.7 (3.6),3.7 (3.6),3.5 (3.4),3.8 (3.7),0.59
Obstruction,"","","","",0.68
  0,749 (80.6%),247 (79.7%),250 (82.2%),252 (80.0%),""
  1,180 (19.4%),63 (20.3%),54 (17.8%),63 (20.0%),""
Perforation,"","","","",0.91
  0,902 (97.1%),300 (96.8%),296 (97.4%),306 (97.1%),""
  1,27 (2.9%),10 (3.2%),8 (2.6%),9 (2.9%),""
Adherence,"","","","",0.56
  0,794 (85.5%),261 (84.2%),265 (87.2%),268 (85.1%),""
  1,135 (14.5%),49 (15.8%),39 (12.8%),47 (14.9%),""
Differentiation,"","","","",0.26
  1,93 (10.3%),37 (12.3%),29 (9.7%),27 (8.8%),""
  2,663 (73.2%),219 (73.0%),215 (72.1%),229 (74.4%),""
  3,150 (16.6%),44 (14.7%),54 (18.1%),52 (16.9%),""
Extent,"","","","",0.61
  1,21 (2.3%),3 (1.0%),10 (3.3%),8 (2.5%),""
  2,106 (11.4%),36 (11.6%),32 (10.5%),38 (12.1%),""
  3,759 (81.7%),259 (83.5%),251 (82.6%),249 (79.0%),""
  4,43 (4.6%),12 (3.9%),11 (3.6%),20 (6.3%),""
