name,All,0,1,P value
Age,61.4 (16.7),61.8 (17.3),60.7 (15.6),-
Sex,"","","",-
  Female,2543 (44.3%),1637 (46.1%),906 (41.5%),""
  Male,3192 (55.7%),1914 (53.9%),1278 (58.5%),""
Race,"","","",-
  black,920 (16.0%),585 (16.5%),335 (15.3%),""
  other,355 (6.2%),213 (6.0%),142 (6.5%),""
  white,4460 (77.8%),2753 (77.5%),1707 (78.2%),""
Education (years),11.7 (3.1),11.6 (3.1),11.9 (3.2),-
Primary disease,"","","",-
  ARF,2490 (43.4%),1581 (44.5%),909 (41.6%),""
  CHF,456 (8.0%),247 (7.0%),209 (9.6%),""
  COPD,457 (8.0%),399 (11.2%),58 (2.7%),""
  Cirrhosis,224 (3.9%),175 (4.9%),49 (2.2%),""
  Colon Cancer,7 (0.1%),6 (0.2%),1 (0.0%),""
  Coma,436 (7.6%),341 (9.6%),95 (4.3%),""
  Lung Cancer,39 (0.7%),34 (1.0%),5 (0.2%),""
  MOSF w/Malignancy,399 (7.0%),241 (6.8%),158 (7.2%),""
  MOSF w/Sepsis,1227 (21.4%),527 (14.8%),700 (32.1%),""
Cancer,"","","",-
  Metastatic,384 (6.7%),261 (7.4%),123 (5.6%),""
  No,4379 (76.4%),2652 (74.7%),1727 (79.1%),""
  Yes,972 (16.9%),638 (18.0%),334 (15.3%),""
APS1,54.7 (20.0),50.9 (18.8),60.7 (20.3),-
Mean BP,78.5 (38.0),84.9 (38.9),68.2 (34.2),-
DNR,"","","",-
  No,5081 (88.6%),3052 (85.9%),2029 (92.9%),""
  Yes,654 (11.4%),499 (14.1%),155 (7.1%),""
30-day death,0.3 (0.5),0.3 (0.5),0.4 (0.5),-
