group,blup,n
58,-0.8838732835055556,4
16,-0.841671761970859,4
17,-0.6500349346241027,4
52,-0.630607672555135,4
57,-0.6154621686022543,4
41,-0.5497157668000073,4
38,-0.5206740152969054,4
48,-0.4274860030720986,4
31,-0.36938090831725356,4
15,-0.361107713776386,4
54,-0.324405019193344,4
26,-0.30648704981997243,4
34,-0.3027716172848608,4
23,-0.2346032400565053,4
50,-0.19714935919985097,4
6,-0.1943860675427095,4
29,-0.1905839770101929,4
19,-0.18203257241169649,4
5,-0.1517366861990389,4
9,-0.13571524696192633,4
20,-0.1315002069952237,4
51,-0.1220250906077212,4
40,-0.11631682609957984,4
14,-0.11383510668371391,4
12,-0.07976766687686078,4
13,-0.07017123520673538,4
30,-0.06395535540884721,4
7,-0.037814246589177654,4
39,-0.014629379912728595,4
18,-0.009403769449305235,4
59,0.009927704823148805,4
44,0.012114717597257577,4
24,0.04234901324845134,4
27,0.04825394273575644,4
42,0.055485419763133044,4
11,0.07453419172949051,4
21,0.08137021156114983,4
28,0.101501567948116,4
55,0.12486310600065934,4
1,0.12770423994202076,4
47,0.13250085890560784,4
37,0.13341590391223593,4
2,0.13501545392803144,4
45,0.1716078045856315,4
46,0.18923698073085146,4
4,0.25843859748657183,4
33,0.28261443424329896,4
8,0.3277623080156203,4
22,0.3399683181709487,4
32,0.36082647806101636,4
3,0.40230042240083486,4
36,0.4178237737187012,4
43,0.45593495703210923,4
53,0.4585640423202508,4
25,0.7428503541548187,4
49,0.8549555381566085,4
10,0.9183720038543235,4
56,0.9298832454771947,4
35,0.932991850914972,4
