predy,calibrated_orig,calibrated_corrected,optimism,n
0.11243605440119235,0.09808055729480686,0.10925933316380859,-0.011178775869001739,168.0
0.1301210480933621,0.11695656339168115,0.12536586224293392,-0.00840929885125278,199.0
0.14780604178553186,0.1359491640847887,0.14336283933874794,-0.007413675253959242,200.0
0.1654910354777016,0.15504284564270535,0.16169611742231663,-0.006653271779611274,200.0
0.18317602916987136,0.17421084421605548,0.18012142762358102,-0.00591058340752554,200.0
0.2008610228620411,0.19341027337250105,0.1985966950241987,-0.0051864216516976334,200.0
0.21854601655421085,0.21259685478484489,0.2170796285135621,-0.004482773728717215,200.0
0.2362310102463806,0.2317269451676547,0.2355299322032895,-0.0038029870356347723,200.0
0.25391600393855035,0.2507669848787856,0.2539175506156694,-0.003150565736883764,200.0
0.2716009976307201,0.26970408271453894,0.27223173132356143,-0.0025276486090225004,200.0
0.28928599132288985,0.28855017858794124,0.29048722656355996,-0.0019370479756187432,200.0
0.3069709850150596,0.3073586348583871,0.30874382680712087,-0.0013851919487337828,200.0
0.3246559787072294,0.32624773306518073,0.32713816087495684,-0.0008904278097761251,200.0
0.34234097239939915,0.3452050616097184,0.34568270831223735,-0.0004776467025189566,200.0
0.3600259660915689,0.36391124540252057,0.36408284707257776,-0.00017160167005720716,200.0
0.37771095978373864,0.38205862546188896,0.38205825657016307,3.688917259046451e-7,200.0
0.3953959534759084,0.40016223714873167,0.4000969428952885,0.000065294253443135,200.0
0.41308094716807814,0.4183962905718293,0.41831382078156804,0.00008246979026129732,200.0
0.4307659408602479,0.43624568443711004,0.4361049570697713,0.00014072736733874644,200.0
0.44845093455241763,0.45374885383658925,0.45349009622968806,0.0002587576069011761,200.0
0.4661359282445874,0.47073568787824804,0.4703089344660544,0.0004267534121936943,200.0
0.48382092193675713,0.4870768906689575,0.4864274266169685,0.0006494640519890201,200.0
0.5015059156289269,0.5030881159849623,0.5021477126105202,0.0009404033744421162,200.0
0.5191909093210966,0.5191561218428581,0.5179086819844083,0.0012474398584497815,200.0
0.5368759030132664,0.5356073105250662,0.5340535826197584,0.001553727905307755,200.0
0.5545608967054362,0.5524329019483464,0.5505519579124848,0.0018809440358616347,200.0
0.5722458903976059,0.5696131249046668,0.5673576048730269,0.0022555200316399047,200.0
0.5899308840897757,0.587228615615055,0.5845562074630125,0.002672408152042506,200.0
0.6076158777819454,0.6052423991167715,0.6021476884778656,0.003094710638905824,200.0
0.6253008714741151,0.623354878217743,0.61987423519894,0.0034806430188030145,200.0
0.6429858651662849,0.6414158284033213,0.6376136202458929,0.0038022081574284527,200.0
0.6606708588584546,0.6593350919275193,0.6553172784804907,0.004017813447028564,200.0
0.6783558525506244,0.6771783595202204,0.6730430535958719,0.004135305924348551,200.0
0.6960408462427942,0.6949833223304678,0.6907798349896841,0.004203487340783707,200.0
0.7137258399349639,0.7127606141864752,0.7084990194688504,0.004261594717624719,200.0
0.7314108336271337,0.7305236373951801,0.7262002548389868,0.0043233825561933064,200.0
0.7490958273193034,0.7482821744878653,0.7438902267631358,0.004391947724729488,200.0
0.7667808210114732,0.7660420167035333,0.7615754336017063,0.004466583101827054,200.0
0.7844658147036428,0.7838089326420032,0.7792638368394215,0.0045450958025817995,200.0
0.8021508083958127,0.8015871410101324,0.7969620821762472,0.004625058833885167,200.0
0.8198358020879823,0.8193795774473701,0.8146754617682164,0.004704115679153795,200.0
0.8375207957801521,0.8371849355848311,0.8324050141064028,0.004779921478428285,200.0
0.8552057894723218,0.8549995822300167,0.8501488883297266,0.004850693900290189,200.0
0.8728907831644916,0.8728182286143097,0.8679031075341795,0.004915121080130195,200.0
0.8905757768566613,0.8906389841635924,0.8856668813818165,0.0049721027817759165,200.0
0.9082607705488311,0.9084619532288924,0.9034411896447837,0.005020763584108799,200.0
0.9259457642410008,0.9262857206288142,0.9212250159144617,0.005060704714352475,200.0
0.9436307579331706,0.9441112833789883,0.9390196071546661,0.005091676224322194,200.0
0.9613157516253404,0.9619387831337864,0.9568250684723466,0.00511371466143986,200.0
0.9790007453175101,0.9797671087532104,0.9721347646902575,0.007632344062952873,177.0
