term,estimate,std_error,statistic,p_value,conf_low,conf_high,exp_estimate,exp_conf_low,exp_conf_high
(Intercept),2.644117756283288,1.0767713356312856,2.4555982025033236,0.01406503179020357,0.5336847188608775,4.7545507937056986,14.071025531531413,1.7052039440502422,116.1114834385905
age,0.01767766431618901,0.0019323947125547013,9.14806079800252,5.796467395992402e-20,0.013890240275666167,0.021465088356711855,1.0178348390186012,1.0139871578794903,1.0216971205893184
sexmale,0.02868395109693374,0.05600007525904454,0.5122127240766701,0.6085021388740197,-0.0810741795423261,0.13844208173619357,1.029099297368862,0.9221252860758116,1.148483161493109
raceblack,-0.19465903003949253,0.29952669767142676,-0.6498887463214668,0.5157640879362078,-0.7817205698837062,0.3924025098047212,0.8231152677939069,0.45761796986225606,1.480533520743011
racehispanic,-0.32945772678666324,0.3289319231619293,-1.0015985180753497,0.31653753700707477,-0.974152449549541,0.31523699597621463,0.7193136922375497,0.3775121786271222,1.3705840953848452
raceother,-0.1042121429855948,0.37825170473263675,-0.275510041810006,0.7829244119886024,-0.8455718613524416,0.637147575381252,0.9010341290741452,0.42931178118361946,1.8910790184189343
racewhite,-0.2724558479722937,0.29247107738988565,-0.9315650983467669,0.35156132725040723,-0.8456886261760965,0.3007769302315091,0.7615070505133675,0.4292616555957062,1.350907961198687
dzclassCOPD/CHF/Cirrhosis,-0.5847721758170512,0.07781142886096272,-7.515247880384652,5.6803203754052543e-14,-0.7372797739701387,-0.43226457766396376,0.5572327984590272,0.4784135400480826,0.6490376331056
dzclassCancer,-0.6715662611384751,0.15349134540606185,-4.375271187843486,0.000012128160271468272,-0.9724037700729538,-0.37072875220399637,0.5109077358544463,0.37817290395609227,0.6902311398444959
dzclassComa,0.3199673531126537,0.14995469610523926,2.1337601383827174,0.03286242043423651,0.02606154943373601,0.6138731567915714,1.37708280613485,1.0264041211217412,1.8475735004646452
num_co,0.13048803916876564,0.02639041062456227,4.944524775499965,7.63298342190456e-7,0.0787637848074004,0.18221229353013088,1.1393843118285945,1.0819487191577788,1.1998688912462272
diabetes,-0.21648257034927512,0.07830915757595171,-2.764460467338186,0.005701701561948982,-0.3699656988578124,-0.06299944184073786,0.8053465717098005,0.6907580240201965,0.938943997769276
dementia,0.05836648914381405,0.1607912739848092,0.3629953771578938,0.7166083376437247,-0.25677861689472414,0.3735115951823522,1.060103440927882,0.7735394433751062,1.4528274092445614
cano,-1.4984245024571834,0.14431119117296878,-10.383286911277718,2.954251847131696e-25,-1.7812692397222767,-1.21557976519209,0.22348197823896718,0.16842424081139362,0.29653804201220163
cayes,-0.9616404813162456,0.1560986844509036,-6.160464994941724,7.253164762111679e-10,-1.2675882808740992,-0.6556926817583919,0.3822652722845648,0.2815097261417351,0.5190823791332179
scoma,0.02551128426549999,0.0016451150645994325,15.50729478713497,3.0965273397978816e-54,0.022286917988460817,0.02873565054253916,1.0258394820502081,1.0225371266813612,1.0291525026073378
meanbp,-0.004558559591265424,0.001019796691110423,-4.470067054543744,7.819507802902373e-6,-0.006557324377394971,-0.0025597948051358766,0.9954518148713195,0.9934641279585136,0.997443478675844
hrt,0.005248701646802463,0.0009493198944823864,5.5289072496097855,3.222316433580793e-8,0.0033880688438096213,0.0071093344497953044,1.0052625002122457,1.0033938148364951,1.0071346657619638
resp,0.005687139648614471,0.0029571697301240397,1.9231698440170093,0.05445872312600104,-0.00010880651860067838,0.01148308581582962,1.005703342127998,0.9998911994006139,1.0115492695342587
temp,-0.031946847421608394,0.023338434374855745,-1.368851350886979,0.17104574544588136,-0.07768933825187722,0.013795643408660435,0.9685580620693593,0.9252518222483553,1.013891242407894
crea,0.06761464967672147,0.016858149454463574,4.010799041695467,0.0000605136011603776,0.0345732838999793,0.10065601545346364,1.0699529223227984,1.0351778874692215,1.1058961651372543
sod,-0.014130260779371795,0.004660241038511475,-3.0320879676827044,0.002428684149431945,-0.023264165374129828,-0.004996356184613764,0.9859691027938342,0.9770043589589482,0.9950161048410691
