name,All,alive 180d,dead 180d,P value
Age (years),62.6 (15.6),61.1 (15.9),64.4 (15.0),P<.001
Sex,"","","",0.78
  female,3928 (43.7%),2099 (43.8%),1829 (43.5%),""
  male,5068 (56.3%),2693 (56.2%),2375 (56.5%),""
Race,"","","",0.23
  asian,79 (0.9%),34 (0.7%),45 (1.1%),""
  black,1386 (15.4%),743 (15.5%),643 (15.3%),""
  hispanic,290 (3.2%),167 (3.5%),123 (2.9%),""
  other,110 (1.2%),57 (1.2%),53 (1.3%),""
  white,7131 (79.3%),3791 (79.1%),3340 (79.4%),""
Disease class,"","","",P<.001
  ARF/MOSF,4181 (46.5%),2113 (44.1%),2068 (49.2%),""
  COPD/CHF/Cirrhosis,2841 (31.6%),1929 (40.3%),912 (21.7%),""
  Cancer,1385 (15.4%),607 (12.7%),778 (18.5%),""
  Coma,589 (6.5%),143 (3.0%),446 (10.6%),""
Comorbidities (n),1.9 (1.3),1.9 (1.4),1.9 (1.3),0.21
Diabetes,"","","",0.02
  0,7239 (80.5%),3814 (79.6%),3425 (81.5%),""
  1,1757 (19.5%),978 (20.4%),779 (18.5%),""
Dementia,"","","",P<.001
  0,8702 (96.7%),4672 (97.5%),4030 (95.9%),""
  1,294 (3.3%),120 (2.5%),174 (4.1%),""
Cancer,"","","",P<.001
  metastatic,1819 (20.2%),716 (14.9%),1103 (26.2%),""
  no,5938 (66.0%),3533 (73.7%),2405 (57.2%),""
  yes,1239 (13.8%),543 (11.3%),696 (16.6%),""
GCS coma score,12.0 (24.6),6.0 (15.6),19.0 (30.5),P<.001
Mean BP (mmHg),84.6 (27.7),86.2 (26.6),82.8 (28.9),P<.001
Heart rate,97.2 (31.6),95.5 (30.2),99.2 (33.0),P<.001
Respiratory rate,23.3 (9.6),23.1 (9.1),23.6 (10.1),0.007
Temperature (°C),37.1 (1.3),37.1 (1.2),37.1 (1.3),0.02
Creatinine (mg/dL),1.8 (1.7),1.7 (1.6),1.9 (1.7),P<.001
Sodium (mEq/L),137.5 (6.0),137.6 (5.7),137.5 (6.4),0.79
180-day death,"","","",P<.001
  alive 180d,4792 (53.3%),4792 (100.0%),0,""
  dead 180d,4204 (46.7%),0,4204 (100.0%),""
